id;numero_publicacion_gaceta;fecha_publicacion_gaceta;tipo_red;created_at;updated_at;fecha_vencimiento
125;000;0001-01-01;privada;2015-11-13 17:27:59.537;2015-11-13 17:27:59.537;NULL
156;201;2009-10-16;privada;2015-11-16 15:57:39.597;2015-11-16 15:57:39.597;NULL
163;207;2009-10-26;privada;2015-11-16 16:05:15.373;2015-11-16 16:05:15.373;NULL
177;247;2009-12-21;publica;2015-11-16 17:22:48.230;2015-11-16 17:22:48.230;NULL
184;236;2009-12-04;publica;2015-11-16 19:35:53.167;2015-11-16 19:35:53.167;NULL
190;247;2009-12-21;privada;2015-11-16 21:25:15.897;2015-11-16 21:25:15.897;NULL
195;000;0001-01-01;publica;2015-11-16 21:59:31.777;2015-11-16 21:59:31.777;NULL
196;193;2012-11-29;publica;2015-11-17 14:48:02.660;2015-11-17 14:48:02.660;NULL
206;000;0001-01-01;publica;2015-11-17 17:14:02.290;2015-11-17 17:14:02.290;NULL
214;236;2009-12-04;publica;2015-11-17 19:08:00.400;2015-11-17 19:08:00.400;NULL
219;40;2010-02-26;publica;2015-11-17 19:46:38.027;2015-11-17 19:46:38.027;NULL
220;125;2010-06-29;publica;2015-11-17 20:12:00.090;2015-11-17 20:12:00.090;NULL
223;137;2012-07-16;publica;2015-11-17 20:37:47.013;2015-11-17 20:37:47.013;NULL
227;250;2010-12-24;publica;2015-11-17 21:00:15.860;2015-11-17 21:00:15.860;NULL
238;125;2010-06-29;publica;2015-11-18 15:53:09.650;2015-11-18 15:53:09.650;NULL
239;148;2010-07-30;publica;2015-11-18 16:17:33.307;2015-11-18 16:17:33.307;NULL
242;000;0001-01-01;publica;2015-11-18 19:22:27.777;2015-11-18 19:22:27.777;NULL
246;000;0001-01-01;publica;2015-11-18 20:08:39.177;2015-11-18 20:08:39.177;NULL
248;205;2012-10-24;publica;2015-11-18 20:31:27.397;2015-11-18 20:31:27.397;NULL
251;236;2009-12-04;publica;2015-11-18 20:48:30.230;2015-11-18 20:48:30.230;NULL
257;195;2010-10-07;publica;2015-11-18 21:21:17.340;2015-11-18 21:21:17.340;NULL
270;000;0001-01-01;privada;2015-11-19 16:09:04.590;2015-11-19 16:09:04.590;NULL
283;125;2010-06-29;publica;2015-11-19 17:25:42.333;2015-11-19 17:25:42.333;NULL
285;236;2009-12-04;publica;2015-11-19 19:12:16.593;2015-11-19 19:12:16.593;NULL
288;71;2011-04-12;publica;2015-11-19 20:07:06.497;2015-11-19 20:07:06.497;NULL
301;51;2013-03-13;publica;2015-11-20 16:27:59.860;2015-11-20 16:27:59.860;2023-03-13
303;000;0001-01-01;publica;2015-11-20 16:41:50.127;2015-11-20 16:41:50.127;0001-01-01
304;000;0001-01-01;publica;2015-11-20 16:46:12.437;2015-11-20 16:46:12.437;NULL
308;171;2009-09-02;publica;2015-11-20 17:27:47.447;2015-11-20 17:27:47.447;2019-09-02
324;250;2010-12-24;publica;2015-11-23 14:49:27.643;2015-11-23 14:49:27.643;2020-12-24
326;36;2012-02-20;publica;2015-11-23 15:36:31.587;2015-11-23 15:36:31.587;2022-02-20
327;247;2009-12-21;publica;2015-11-23 15:39:59.243;2015-11-23 15:39:59.243;2019-12-21
328;198;2011-10-14;publica;2015-11-23 15:54:51.510;2015-11-23 15:54:51.510;2021-10-14
332;247;2009-12-22;publica;2015-11-23 17:03:13.503;2015-11-23 17:03:13.503;2019-12-22
334;171;2009-09-02;publica;2015-11-23 17:22:01.390;2015-11-23 17:22:01.390;2019-09-02
335;130;2009-07-07;publica;2015-11-23 17:53:48.970;2015-11-23 17:53:48.970;2019-07-07
340;000;0001-01-01;publica;2015-11-23 19:05:20.227;2015-11-23 19:05:20.227;0001-01-01
344;62;2014-03-28;publica;2015-11-23 19:26:16.417;2015-11-23 19:26:16.417;2024-03-28
345;000;0001-01-01;publica;2015-11-23 19:50:43.873;2015-11-23 19:50:43.873;NULL
346;40;2010-02-26;publica;2015-11-23 19:58:00.810;2015-11-23 19:58:00.810;NULL
347;000;0001-01-01;publica;2015-11-23 20:08:38.657;2015-11-23 20:08:38.657;0001-01-01
348;32;2011-02-15;publica;2015-11-23 20:13:04.157;2015-11-23 20:13:04.157;2019-07-07
350;000;0001-01-01;publica;2015-11-23 20:52:08.257;2015-11-23 20:52:08.257;0001-01-01
352;000;0001-01-01;publica;2015-11-23 21:07:50.553;2015-11-23 21:07:50.553;NULL
357;40;2010-02-26;publica;2015-11-23 21:18:45.960;2015-11-23 21:18:45.960;2020-02-26
359;000;0001-01-01;publica;2015-11-23 21:22:09.023;2015-11-23 21:22:09.023;2020-02-26
362;62;2014-03-28;publica;2015-11-24 14:11:53.440;2015-11-24 14:11:53.440;NULL
363;236;2009-12-04;publica;2015-11-24 14:47:58.427;2015-11-24 14:47:58.427;2019-12-04
365;000;0001-01-01;publica;2015-11-24 16:15:31.987;2015-11-24 16:15:31.987;NULL
367;000;0001-01-01;publica;2015-11-24 16:47:49.040;2015-11-24 16:47:49.040;NULL
368;000;0001-01-01;publica;2015-11-24 16:48:19.790;2015-11-24 16:48:19.790;0001-01-01
369;000;0001-01-01;publica;2015-11-24 16:55:33.477;2015-11-24 16:55:33.477;0001-01-01
371;000;0001-01-01;publica;2015-11-24 17:14:58.760;2015-11-24 17:14:58.760;0001-01-01
372;000;0001-01-01;publica;2015-11-24 17:15:16.573;2015-11-24 17:15:16.573;0001-01-01
381;139;2009-07-20;publica;2015-11-27 14:38:39.893;2015-11-27 14:38:39.893;2019-07-20
384;000;0001-01-01;publica;2015-11-27 15:54:24.540;2015-11-27 15:54:24.540;NULL
385;000;0001-01-01;publica;2015-11-27 15:59:54.293;2015-11-27 15:59:54.293;NULL
386;63;2009-03-31;publica;2015-11-27 16:33:34.140;2015-11-27 16:33:34.140;2019-03-31
387;125;2010-06-29;publica;2015-11-27 17:25:27.397;2015-11-27 17:25:27.397;2020-06-29
388;125;2010-06-29;publica;2015-11-27 17:25:27.630;2015-11-27 17:25:27.630;2020-06-29
389;000;0001-01-01;publica;2015-11-27 19:02:57.080;2015-11-27 19:02:57.080;0001-01-01
391;207;2009-10-26;publica;2015-11-27 19:29:30.020;2015-11-27 19:29:30.020;NULL
394;000;0001-01-01;publica;2015-11-27 20:15:41.167;2015-11-27 20:15:41.167;NULL
395;180;2009-09-16;publica;2015-11-27 20:25:00.197;2015-11-27 20:25:00.197;2019-09-16
396;000;0001-01-01;publica;2015-11-27 20:31:43.980;2015-11-27 20:31:43.980;0001-01-01
397;207;2009-10-26;publica;2015-11-27 20:40:30.090;2015-11-27 20:40:30.090;2019-10-26
398;207;2009-10-26;publica;2015-11-27 20:49:48.623;2015-11-27 20:49:48.623;2019-10-26
399;74;2009-04-19;publica;2015-12-01 17:03:45.397;2015-12-01 17:03:45.397;2019-04-19
400;201;2009-10-16;publica;2015-12-01 19:05:46.113;2015-12-01 19:05:46.113;2019-10-16
401;168;2015-08-28;publica;2015-12-01 21:20:16.410;2015-12-01 21:20:16.410;2025-08-28
402;201;2009-10-16;privada;2015-12-10 16:04:02.473;2015-12-10 16:04:02.473;2019-10-16
403;176;2009-09-09;privada;2015-12-22 21:21:33.653;2015-12-22 21:21:33.653;2019-09-23
406;180;2009-09-16;privada;2015-12-22 21:28:31.450;2015-12-22 21:28:31.450;2019-09-03
410;176;2009-09-09;privada;2015-12-22 21:31:57.297;2015-12-22 21:31:57.297;2019-08-31
411;180;2009-09-16;privada;2015-12-22 21:32:22.407;2015-12-22 21:32:22.407;2019-09-03
412;201;2009-10-16;privada;2015-12-22 21:33:35.017;2015-12-22 21:33:35.017;2019-09-22
413;207;2009-10-26;privada;2015-12-22 21:34:21.017;2015-12-22 21:34:21.017;2019-10-02
415;207;2009-10-26;privada;2015-12-22 21:37:53.327;2015-12-22 21:37:53.327;2020-02-24
416;207;2009-10-26;privada;2015-12-22 21:38:15.547;2015-12-22 21:38:15.547;2019-10-01
417;144;2009-07-27;privada;2015-12-22 21:45:07.843;2015-12-22 21:45:07.843;2019-07-29
419;236;2009-12-04;privada;2015-12-22 21:46:10.657;2015-12-22 21:46:10.657;2019-11-23
429;142;2014-07-24;publica;2015-12-23 15:19:44.880;2015-12-23 15:19:44.880;2024-07-17
431;8;2013-01-11;publica;2015-12-23 16:26:24.810;2015-12-23 16:26:24.810;2023-04-05
435;201;2009-10-16;privada;2015-12-23 16:28:10.153;2015-12-23 16:28:10.153;2019-09-22
436;201;2009-10-16;privada;2015-12-23 16:33:41.310;2015-12-23 16:33:41.310;2019-09-21
437;201;2009-10-16;privada;2015-12-23 16:39:01.907;2015-12-23 16:39:01.907;2019-09-18
438;201;2009-10-16;privada;2015-12-23 16:39:31.827;2015-12-23 16:39:31.827;2019-09-21
439;207;2009-10-26;privada;2015-12-23 16:40:11.703;2015-12-23 16:40:11.703;2019-10-13
440;207;2009-10-26;privada;2015-12-23 16:41:06.327;2015-12-23 16:41:06.327;2019-10-05
441;207;2009-10-26;privada;2015-12-23 17:16:44.237;2015-12-23 17:16:44.237;2019-10-05
442;207;2009-10-26;privada;2015-12-23 17:17:23.567;2015-12-23 17:17:23.567;2019-10-02
443;207;2009-10-26;privada;2015-12-23 17:17:54.457;2015-12-23 17:17:54.457;2019-10-05
444;137;2011-07-15;privada;2015-12-23 17:18:29.877;2015-12-23 17:18:29.877;2021-07-14
445;157;2009-08-13;privada;2015-12-23 17:21:07.050;2015-12-23 17:21:07.050;2019-08-03
446;234;2010-12-02;privada;2015-12-23 17:21:24.487;2015-12-23 17:21:24.487;2020-10-26
448;86;2010-05-05;privada;2015-12-23 17:22:37.753;2015-12-23 17:22:37.753;2020-05-25
449;157;2009-08-13;publica;2015-12-23 17:24:57.567;2015-12-23 17:24:57.567;2019-08-03
451;125;2010-06-29;privada;2015-12-23 17:26:00.817;2015-12-23 17:26:00.817;2020-06-03
452;64;2013-04-03;publica;2015-12-23 17:26:58.613;2015-12-23 17:26:58.613;2023-03-14
453;163;2014-08-25;publica;2015-12-23 17:29:13.333;2015-12-23 17:29:13.333;2024-07-23
454;123;2014-06-27;publica;2015-12-23 17:30:31.397;2015-12-23 17:30:31.397;2024-06-17
455;40;2010-02-26;publica;2015-12-23 17:30:45.567;2015-12-23 17:30:45.567;2020-02-08
456;156;2013-08-16;publica;2015-12-23 17:35:50.520;2015-12-23 17:35:50.520;2023-08-08
457;130;2009-07-07;publica;2015-12-23 17:36:08.693;2015-12-23 17:36:08.693;2019-06-25
458;74;2010-04-17;publica;2015-12-23 17:39:05.507;2015-12-23 17:39:05.507;2020-04-06
460;25;2010-02-05;publica;2015-12-23 17:43:28.367;2015-12-23 17:43:28.367;2019-12-03
461;142;2014-07-24;publica;2015-12-23 17:43:51.587;2015-12-23 17:43:51.587;2024-07-17
463;236;2009-12-04;publica;2015-12-23 17:44:58.507;2015-12-23 17:44:58.507;2020-02-03
465;134;2009-07-13;publica;2015-12-23 17:46:48.820;2015-12-23 17:46:48.820;2019-07-01
466;121;2015-06-24;publica;2015-12-23 18:44:28.890;2015-12-23 18:44:28.890;2025-06-11
467;25;2010-02-05;publica;2015-12-23 18:45:08.247;2015-12-23 18:45:08.247;2019-12-03
469;7;2010-01-12;publica;2015-12-23 18:53:46.983;2015-12-23 18:53:46.983;2020-01-07
471;137;2011-07-15;publica;2015-12-23 18:58:30.297;2015-12-23 18:58:30.297;2021-07-12
472;180;2009-09-16;privada;2015-12-23 18:58:50.437;2015-12-23 18:58:50.437;2019-09-16
473;171;2009-09-02;publica;2015-12-23 18:59:13.907;2015-12-23 18:59:13.907;2019-08-19
475;134;2009-07-13;publica;2015-12-23 19:01:52.813;2015-12-23 19:01:52.813;2019-07-01
476;248;2012-12-24;publica;2015-12-23 19:02:04.657;2015-12-23 19:02:04.657;2022-12-06
477;207;2009-10-26;privada;2015-12-23 19:02:19.313;2015-12-23 19:02:19.313;2019-10-02
478;179;2015-09-14;publica;2015-12-23 19:07:53.220;2015-12-23 19:07:53.220;2025-09-03
479;246;2014-12-22;publica;2015-12-23 19:08:51.813;2015-12-23 19:08:51.813;2024-11-28
481;231;2012-11-29;publica;2015-12-23 19:11:58.940;2015-12-23 19:11:58.940;2022-10-11
483;40;2010-02-26;publica;2015-12-23 19:13:51.703;2015-12-23 19:13:51.703;2020-02-08
488;171;2009-09-02;publica;2015-12-23 19:17:54.143;2015-12-23 19:17:54.143;2019-08-18
489;125;2010-06-29;publica;2015-12-23 19:18:06.393;2015-12-23 19:18:06.393;2020-06-09
492;159;2010-08-17;publica;2015-12-23 19:46:14.177;2015-12-23 19:46:14.177;2020-07-15
494;210;2011-11-02;publica;2015-12-23 19:46:49.270;2015-12-23 19:46:49.270;2021-10-20
495;157;2009-08-13;publica;2015-12-23 19:50:42.317;2015-12-23 19:50:42.317;2019-08-05
496;247;2009-12-22;publica;2015-12-23 19:51:06.757;2015-12-23 19:51:06.757;2019-11-26
498;163;2014-08-26;publica;2015-12-23 19:59:52.460;2015-12-23 19:59:52.460;2024-08-14
499;247;2009-12-21;publica;2015-12-23 20:02:40.960;2015-12-23 20:02:40.960;2019-11-26
500;134;2009-07-13;publica;2015-12-23 20:02:53.587;2015-12-23 20:02:53.587;2019-07-02
501;40;2010-02-26;publica;2015-12-23 20:03:32.197;2015-12-23 20:03:32.197;2020-02-05
505;126;2015-07-01;publica;2015-12-23 20:20:39.963;2015-12-23 20:20:39.963;2025-06-18
506;123;2013-06-27;publica;2015-12-23 20:21:41.197;2015-12-23 20:21:41.197;2023-03-21
507;180;2009-09-16;publica;2015-12-23 20:22:20.633;2015-12-23 20:22:20.633;2019-09-03
508;000;0001-01-01;publica;2015-12-23 20:23:02.387;2015-12-23 20:23:02.387;2023-06-27
509;74;2010-04-19;publica;2015-12-23 21:07:31.077;2015-12-23 21:07:31.077;2020-04-06
511;148;2015-07-31;publica;2015-12-23 21:08:12.217;2015-12-23 21:08:12.217;2025-07-16
512;134;2009-07-13;publica;2015-12-23 21:08:33.890;2015-12-23 21:08:33.890;2019-07-01
517;207;2009-10-26;privada;2016-01-08 21:44:23.880;2016-01-08 21:44:23.880;NULL
518;207;2009-10-26;publica;2016-01-11 14:22:37.753;2016-01-11 14:22:37.753;NULL
520;207;2009-10-26;privada;2016-01-11 14:24:32.347;2016-01-11 14:24:32.347;2019-10-07
521;207;2009-10-26;privada;2016-01-11 14:29:13.847;2016-01-11 14:29:13.847;NULL
522;207;2009-10-26;privada;2016-01-11 14:36:42.580;2016-01-11 14:36:42.580;2019-11-02
523;207;2009-10-26;privada;2016-01-11 14:37:49.800;2016-01-11 14:37:49.800;2019-10-29
525;207;2009-10-26;privada;2016-01-11 14:40:02.067;2016-01-11 14:40:02.067;2019-10-07
526;207;2009-10-26;privada;2016-01-11 14:43:31.957;2016-01-11 14:43:31.957;2019-11-06
527;207;2009-10-26;privada;2016-01-11 14:55:14.223;2016-01-11 14:55:14.223;NULL
530;207;2009-10-26;privada;2016-01-11 15:03:22.273;2016-01-11 15:03:22.273;NULL
531;207;2009-10-26;privada;2016-01-11 15:04:16.070;2016-01-11 15:04:16.070;2019-10-26
532;207;2009-10-26;privada;2016-01-11 15:20:36.773;2016-01-11 15:20:36.773;2019-10-02
533;207 ;2009-10-26;privada;2016-01-11 15:23:02.023;2016-01-11 15:23:02.023;2019-10-02
534;207;2009-10-26;privada;2016-01-11 15:23:37.527;2016-01-11 15:23:37.527;NULL
535;207;2009-10-26;privada;2016-01-11 15:23:41.383;2016-01-11 15:23:41.383;2014-10-06
536;207;2009-10-26;privada;2016-01-11 16:01:00.687;2016-01-11 16:01:00.687;2019-10-22
537;207;2009-10-26;privada;2016-01-11 16:14:00.093;2016-01-11 16:14:00.093;2019-10-05
538;207;2009-10-26;privada;2016-01-11 16:15:46.547;2016-01-11 16:15:46.547;2019-10-05
540;207;2009-10-26;privada;2016-01-11 16:27:46.687;2016-01-11 16:27:46.687;2019-10-20
541;207;2009-10-26;publica;2016-01-11 16:31:03.470;2016-01-11 16:31:03.470;2019-10-02
543;207;2009-10-26;privada;2016-01-11 16:42:16.863;2016-01-11 16:42:16.863;NULL
544;207;2009-10-26;privada;2016-01-11 16:46:39.613;2016-01-11 16:46:39.613;NULL
545;207;2009-10-26;privada;2016-01-11 17:01:47.443;2016-01-11 17:01:47.443;2019-10-13
546;207;2009-10-26;privada;2016-01-11 17:07:06.647;2016-01-11 17:07:06.647;2019-11-24
547;207;2009-10-26;privada;2016-01-11 17:32:06.447;2016-01-11 17:32:06.447;2019-10-14
549;207;2009-10-26;privada;2016-01-11 17:45:12.917;2016-01-11 17:45:12.917;2019-10-05
551;207;2009-10-26;privada;2016-01-11 17:49:15.120;2016-01-11 17:49:15.120;2020-02-23
552;207;2009-10-26;privada;2016-01-11 17:55:39.213;2016-01-11 17:55:39.213;NULL
553;207;2009-10-26;privada;2016-01-11 17:56:13.107;2016-01-11 17:56:13.107;2020-01-08
555;207;2009-10-26;privada;2016-01-11 18:05:29.903;2016-01-11 18:05:29.903;2020-03-25
556;207;2009-10-26;privada;2016-01-11 19:29:46.897;2016-01-11 19:29:46.897;NULL
557;207;2009-10-26;privada;2016-01-11 19:33:38.990;2016-01-11 19:33:38.990;2019-11-06
558;207;2009-10-26;privada;2016-01-11 19:36:25.007;2016-01-11 19:36:25.007;NULL
561;207;2009-10-26;privada;2016-01-11 19:46:29.337;2016-01-11 19:46:29.337;2020-03-12
562;207;2009-10-26;publica;2016-01-11 20:01:26.637;2016-01-11 20:01:26.637;2019-10-24
563;207;2009-10-26;privada;2016-01-11 20:06:44.697;2016-01-11 20:06:44.697;2020-03-11
564;207;2009-10-26;privada;2016-01-11 20:09:05.917;2016-01-11 20:09:05.917;NULL
565;207;2009-10-26;privada;2016-01-11 20:09:36.230;2016-01-11 20:09:36.230;2019-11-06
566;207;2009-10-26;privada;2016-01-11 20:10:31.010;2016-01-11 20:10:31.010;2019-12-03
567;207;2009-10-26;privada;2016-01-11 20:16:49.917;2016-01-11 20:16:49.917;NULL
568;207;2009-10-26;privada;2016-01-11 20:22:44.687;2016-01-11 20:22:44.687;2020-02-24
569;207;2009-10-26;privada;2016-01-11 20:30:07.717;2016-01-11 20:30:07.717;2020-03-12
573;207;2009-10-26;privada;2016-01-11 20:37:19.357;2016-01-11 20:37:19.357;2020-03-12
574;207;2009-10-26;privada;2016-01-11 20:45:19.217;2016-01-11 20:45:19.217;2020-02-24
575;207;2009-10-26;privada;2016-01-11 20:45:24.327;2016-01-11 20:45:24.327;NULL
576;207;2009-10-26;privada;2016-01-11 20:51:09.237;2016-01-11 20:51:09.237;NULL
577;207;2009-10-26;privada;2016-01-11 20:54:42.797;2016-01-11 20:54:42.797;2020-03-11
578;207;2009-10-26;privada;2016-01-11 21:01:28.047;2016-01-11 21:01:28.047;2020-03-08
579;207;2009-10-26;privada;2016-01-11 21:08:00.253;2016-01-11 21:08:00.253;NULL
580;207;2009-10-26;privada;2016-01-11 21:08:29.410;2016-01-11 21:08:29.410;2020-03-04
581;207;2009-10-26;privada;2016-01-11 21:34:16.630;2016-01-11 21:34:16.630;2020-05-21
582;207;2009-10-26;privada;2016-01-11 21:44:11.960;2016-01-11 21:44:11.960;2020-03-09
583;207;2009-10-26;privada;2016-01-12 14:21:36.403;2016-01-12 14:21:36.403;2020-03-09
584;207;2009-10-26;privada;2016-01-12 14:22:30.857;2016-01-12 14:22:30.857;NULL
585;207;2009-10-26;privada;2016-01-12 14:38:53.687;2016-01-12 14:38:53.687;2019-11-10
586;207;2009-10-26;privada;2016-01-12 14:48:22.953;2016-01-12 14:48:22.953;NULL
587;207;2009-10-26;privada;2016-01-12 14:50:20.717;2016-01-12 14:50:20.717;2020-08-12
588;207;2009-10-26;privada;2016-01-12 15:42:49.880;2016-01-12 15:42:49.880;2020-03-09
589;207;2009-10-26;privada;2016-01-12 15:51:56.367;2016-01-12 15:51:56.367;2020-04-17
590;207;2009-10-26;privada;2016-01-12 16:08:22.710;2016-01-12 16:08:22.710;NULL
591;207;2009-10-26;privada;2016-01-12 16:11:04.477;2016-01-12 16:11:04.477;NULL
592;207;2009-10-26;privada;2016-01-12 16:23:41.650;2016-01-12 16:23:41.650;NULL
593;207;2009-10-26;privada;2016-01-12 16:23:42.807;2016-01-12 16:23:42.807;NULL
595;271;2009-10-26;privada;2016-01-12 16:27:17.837;2016-01-12 16:27:17.837;2019-11-26
596;207;2009-10-26;privada;2016-01-12 16:29:15.603;2016-01-12 16:29:15.603;NULL
597;207;2009-10-26;privada;2016-01-12 16:33:19.527;2016-01-12 16:33:19.527;NULL
598;207;2009-10-26;privada;2016-01-12 16:36:31.120;2016-01-12 16:36:31.120;2019-11-24
599;207;2009-10-26;privada;2016-01-12 16:37:51.590;2016-01-12 16:37:51.590;NULL
600;207;2009-10-26;privada;2016-01-12 16:41:45.730;2016-01-12 16:41:45.730;2019-11-26
601;207;2009-10-26;privada;2016-01-12 16:45:58.497;2016-01-12 16:45:58.497;2020-03-19
602;207;2009-10-26;privada;2016-01-12 16:51:21.247;2016-01-12 16:51:21.247;2020-01-21
603;207;2009-10-26;privada;2016-01-12 16:57:01.420;2016-01-12 16:57:01.420;NULL
604;207;2009-10-26;privada;2016-01-12 16:58:46.437;2016-01-12 16:58:46.437;2019-11-09
605;207;2009-10-26;privada;2016-01-12 17:02:05.310;2016-01-12 17:02:05.310;NULL
606;207;2009-10-26;privada;2016-01-12 17:04:57.610;2016-01-12 17:04:57.610;NULL
607;207;2009-10-26;privada;2016-01-12 17:07:33.813;2016-01-12 17:07:33.813;NULL
608;207;2009-10-26;privada;2016-01-12 17:09:34.610;2016-01-12 17:09:34.610;2020-03-09
609;236;2009-12-04;privada;2016-01-12 17:11:56.577;2016-01-12 17:11:56.577;2020-02-22
610;207;2009-10-26;privada;2016-01-12 17:12:12.890;2016-01-12 17:12:12.890;NULL
611;207;2009-10-26;privada;2016-01-12 17:15:39.640;2016-01-12 17:15:39.640;NULL
612;207;2009-10-26;privada;2016-01-12 17:18:06.470;2016-01-12 17:18:06.470;NULL
613;236;2009-12-04;privada;2016-01-12 17:21:36.033;2016-01-12 17:21:36.033;NULL
614;207;2009-10-26;privada;2016-01-12 17:36:53.753;2016-01-12 17:36:53.753;2019-03-18
616;207;2009-10-26;privada;2016-01-12 17:51:11.583;2016-01-12 17:51:11.583;NULL
617;207;2009-10-26;privada;2016-01-12 19:39:54.377;2016-01-12 19:39:54.377;2020-03-09
618;207;2009-10-26;privada;2016-01-12 19:47:55.627;2016-01-12 19:47:55.627;2020-03-16
619;207;2009-10-26;privada;2016-01-12 19:48:26.347;2016-01-12 19:48:26.347;NULL
620;236;2009-12-04;privada;2016-01-12 19:51:46.847;2016-01-12 19:51:46.847;2020-05-28
621;207;2009-10-26;privada;2016-01-12 19:54:09.927;2016-01-12 19:54:09.927;2020-03-10
622;207;2009-10-26;privada;2016-01-12 19:55:36.473;2016-01-12 19:55:36.473;NULL
623;207;2009-10-26;publica;2016-01-12 20:03:25.787;2016-01-12 20:03:25.787;NULL
624;207;2009-10-26;privada;2016-01-12 20:09:44.723;2016-01-12 20:09:44.723;2020-03-10
625;207;2009-10-26;privada;2016-01-12 20:13:26.223;2016-01-12 20:13:26.223;NULL
626;207;2009-10-26;privada;2016-01-12 20:17:46.490;2016-01-12 20:17:46.490;NULL
627;236;2009-12-04;privada;2016-01-12 21:22:48.530;2016-01-12 21:22:48.530;NULL
628;236;2009-12-04;privada;2016-01-12 21:40:18.843;2016-01-12 21:40:18.843;NULL
629;236;2009-12-04;privada;2016-01-12 21:50:12.423;2016-01-12 21:50:12.423;NULL
631;236;2009-12-04;privada;2016-01-13 14:42:27.247;2016-01-13 14:42:27.247;2020-02-26
632;207;2009-10-26;privada;2016-01-13 14:48:47.167;2016-01-13 14:48:47.167;NULL
634;236;2009-12-04;privada;2016-01-13 14:51:35.200;2016-01-13 14:51:35.200;2020-02-26
635;207;2009-10-26;privada;2016-01-13 14:53:09.527;2016-01-13 14:53:09.527;NULL
639;236;2009-12-04;publica;2016-01-13 14:56:24.363;2016-01-13 14:56:24.363;2020-02-26
641;236;2009-12-04;privada;2016-01-13 15:02:57.893;2016-01-13 15:02:57.893;NULL
642;236;2009-12-04;privada;2016-01-13 15:37:43.490;2016-01-13 15:37:43.490;NULL
643;236;2009-12-04;privada;2016-01-13 15:53:43.213;2016-01-13 15:53:43.213;2020-02-26
644;236;2009-12-04;privada;2016-01-13 16:03:08.387;2016-01-13 16:03:08.387;2020-02-19
647;236;2009-12-04;privada;2016-01-13 16:56:35.533;2016-01-13 16:56:35.533;NULL
648;236;2009-12-04;privada;2016-01-13 16:59:29.907;2016-01-13 16:59:29.907;NULL
649;236;2009-12-04;privada;2016-01-13 17:02:01.923;2016-01-13 17:02:01.923;2020-03-17
650;236;2009-12-04;privada;2016-01-13 17:13:00.113;2016-01-13 17:13:00.113;2020-02-17
651;236;2009-12-04;privada;2016-01-13 17:22:52.520;2016-01-13 17:22:52.520;2020-02-24
652;236;2009-12-04;privada;2016-01-13 17:33:33.397;2016-01-13 17:33:33.397;2020-02-03
653;236;2009-12-04;privada;2016-01-13 17:38:47.037;2016-01-13 17:38:47.037;NULL
654;236;2009-12-04;privada;2016-01-13 17:40:35.490;2016-01-13 17:40:35.490;NULL
655;236;2009-12-04;privada;2016-01-13 19:06:00.860;2016-01-13 19:06:00.860;NULL
656;236;2009-12-04;privada;2016-01-13 19:07:06.423;2016-01-13 19:07:06.423;NULL
657;236;2009-12-04;privada;2016-01-13 19:14:29.830;2016-01-13 19:14:29.830;2020-04-25
658;236;2009-12-04;privada;2016-01-13 19:16:20.267;2016-01-13 19:16:20.267;2019-12-02
659;236;2009-12-04;privada;2016-01-13 19:22:41.567;2016-01-13 19:22:41.567;2020-02-18
661;236;2009-12-04;privada;2016-01-13 19:30:30.020;2016-01-13 19:30:30.020;NULL
662;236;2009-12-04;privada;2016-01-13 19:37:08.940;2016-01-13 19:37:08.940;NULL
663;236;2009-12-04;privada;2016-01-13 19:51:04.130;2016-01-13 19:51:04.130;NULL
664;236;2009-12-04;privada;2016-01-13 19:57:02.727;2016-01-13 19:57:02.727;2020-04-13
665;236;2009-12-04;privada;2016-01-13 19:59:19.600;2016-01-13 19:59:19.600;NULL
666;236;2009-12-04;privada;2016-01-13 19:59:54.927;2016-01-13 19:59:54.927;NULL
667;236;2009-12-04;privada;2016-01-13 20:06:46.757;2016-01-13 20:06:46.757;2019-12-11
668;236;2009-12-04;privada;2016-01-13 20:10:24.557;2016-01-13 20:10:24.557;NULL
669;236;2009-12-04;privada;2016-01-13 20:10:29.197;2016-01-13 20:10:29.197;NULL
670;236;2009-12-04;privada;2016-01-13 20:13:25.227;2016-01-13 20:13:25.227;NULL
671;236;2009-12-04;privada;2016-01-13 20:16:07.290;2016-01-13 20:16:07.290;2020-09-13
672;236;2009-12-04;privada;2016-01-13 20:19:40.307;2016-01-13 20:19:40.307;2020-03-26
674;236;2009-12-04;privada;2016-01-13 20:30:59.057;2016-01-13 20:30:59.057;2020-02-22
675;236;2009-12-04;privada;2016-01-13 20:34:19.353;2016-01-13 20:34:19.353;2020-03-18
677;236;2009-12-04;privada;2016-01-13 20:44:28.763;2016-01-13 20:44:28.763;NULL
679;236;2009-12-04;privada;2016-01-13 20:48:10.793;2016-01-13 20:48:10.793;NULL
680;236;2009-12-04;privada;2016-01-13 20:50:46.403;2016-01-13 20:50:46.403;NULL
682;236;2009-12-04;privada;2016-01-13 20:56:06.437;2016-01-13 20:56:06.437;2020-03-19
684;236;2009-12-04;privada;2016-01-13 21:01:52.297;2016-01-13 21:01:52.297;NULL
685;236;2009-12-04;privada;2016-01-13 21:03:11.170;2016-01-13 21:03:11.170;NULL
686;236;2009-12-04;privada;2016-01-13 21:06:06.217;2016-01-13 21:06:06.217;2020-02-10
687;236;2009-12-04;privada;2016-01-13 21:10:27.390;2016-01-13 21:10:27.390;NULL
688;236;2009-12-04;privada;2016-01-13 21:12:18.703;2016-01-13 21:12:18.703;NULL
689;236;2009-12-04;privada;2016-01-13 21:12:44.937;2016-01-13 21:12:44.937;NULL
690;236;2009-12-04;privada;2016-01-13 21:15:26.173;2016-01-13 21:15:26.173;NULL
691;236;2009-12-04;privada;2016-01-13 21:23:45.767;2016-01-13 21:23:45.767;2019-12-18
692;236;2009-12-04;privada;2016-01-13 21:26:12.690;2016-01-13 21:26:12.690;NULL
693;236;2009-12-04;privada;2016-01-13 21:26:59.190;2016-01-13 21:26:59.190;NULL
694;236;2009-12-04;privada;2016-01-14 14:08:25.900;2016-01-14 14:08:25.900;2020-02-19
696;236;2009-12-04;privada;2016-01-14 14:18:29.090;2016-01-14 14:18:29.090;NULL
697;236;2009-12-04;privada;2016-01-14 14:23:18.260;2016-01-14 14:23:18.260;NULL
698;236;2009-12-04;privada;2016-01-14 14:24:36.120;2016-01-14 14:24:36.120;2020-06-04
699;236;2009-12-04;privada;2016-01-14 14:26:01.823;2016-01-14 14:26:01.823;2020-11-01
701;236;0009-12-04;privada;2016-01-14 14:30:13.357;2016-01-14 14:30:13.357;2019-11-25
702;236;2009-12-04;privada;2016-01-14 14:31:45.120;2016-01-14 14:31:45.120;2019-12-18
703;236;2009-12-04;privada;2016-01-14 14:42:43.717;2016-01-14 14:42:43.717;2020-02-22
705;236;2009-12-04;privada;2016-01-14 14:51:34.297;2016-01-14 14:51:34.297;NULL
707;236;2009-12-04;privada;2016-01-14 14:55:44.437;2016-01-14 14:55:44.437;2020-01-08
708;236;2009-12-04;privada;2016-01-14 14:59:20.063;2016-01-14 14:59:20.063;2019-12-03
709;236;2009-12-04;privada;2016-01-14 15:26:03.080;2016-01-14 15:26:03.080;2020-03-11
710;236;2009-12-04;privada;2016-01-14 15:33:32.690;2016-01-14 15:33:32.690;NULL
711;248;2009-12-22;privada;2016-01-14 15:36:15.583;2016-01-14 15:36:15.583;2020-02-24
712;236;2009-12-04;privada;2016-01-14 15:39:01.317;2016-01-14 15:39:01.317;NULL
713;236;2009-12-04;privada;2016-01-14 15:40:09.147;2016-01-14 15:40:09.147;2019-12-12
714;236;2009-12-04;privada;2016-01-14 15:43:59.473;2016-01-14 15:43:59.473;2019-12-10
715;236;2009-12-04;privada;2016-01-14 15:50:50.787;2016-01-14 15:50:50.787;NULL
716;248;2009-12-22;privada;2016-01-14 15:51:04.007;2016-01-14 15:51:04.007;2020-03-11
717;236;2009-12-04;privada;2016-01-14 15:56:50.553;2016-01-14 15:56:50.553;NULL
718;236;2009-12-04;privada;2016-01-14 15:59:46.740;2016-01-14 15:59:46.740;2019-10-28
719;248;2009-12-22;privada;2016-01-14 16:09:35.133;2016-01-14 16:09:35.133;NULL
720;236;2009-12-04;privada;2016-01-14 16:11:50.383;2016-01-14 16:11:50.383;2020-02-24
723;248;2009-12-22;privada;2016-01-14 16:27:05.057;2016-01-14 16:27:05.057;2020-02-09
724;248;2009-12-22;privada;2016-01-14 16:35:09.637;2016-01-14 16:35:09.637;NULL
725;248;2009-12-22;privada;2016-01-14 16:37:11.307;2016-01-14 16:37:11.307;2020-02-04
727;248;2009-12-22;privada;2016-01-14 16:43:48.340;2016-01-14 16:43:48.340;2020-03-18
729;248;2009-12-22;privada;2016-01-14 17:03:58.733;2016-01-14 17:03:58.733;2020-03-09
730;248;2009-12-22;privada;2016-01-14 17:08:12.343;2016-01-14 17:08:12.343;2020-02-23
731;248;2009-12-22;privada;2016-01-14 17:09:28.813;2016-01-14 17:09:28.813;2020-04-06
734;248;2009-12-22;privada;2016-01-14 17:18:41.970;2016-01-14 17:18:41.970;NULL
736;248;2009-12-22;privada;2016-01-14 17:25:22.313;2016-01-14 17:25:22.313;NULL
737;248;2009-12-22;privada;2016-01-14 17:28:19.063;2016-01-14 17:28:19.063;2020-03-05
739;248;2009-12-22;privada;2016-01-14 17:37:54.423;2016-01-14 17:37:54.423;2002-01-04
740;248;2009-12-22;privada;2016-01-14 17:39:45.487;2016-01-14 17:39:45.487;2020-03-16
742;248;2009-12-22;privada;2016-01-14 17:54:56.257;2016-01-14 17:54:56.257;NULL
743;248;2009-12-22;privada;2016-01-14 17:58:42.833;2016-01-14 17:58:42.833;2020-03-05
746;248;2009-12-22;privada;2016-01-14 18:07:30.757;2016-01-14 18:07:30.757;NULL
748;248;2009-12-22;privada;2016-01-14 19:28:04.983;2016-01-14 19:28:04.983;2019-12-11
749;248;2009-12-22;privada;2016-01-14 19:33:19.390;2016-01-14 19:33:19.390;2020-11-10
750;248;2009-12-22;privada;2016-01-14 19:36:16.157;2016-01-14 19:36:16.157;2020-04-19
754;248;2009-12-22;privada;2016-01-14 19:39:55.643;2016-01-14 19:39:55.643;2020-02-15
755;248;2009-12-22;privada;2016-01-14 19:45:48.627;2016-01-14 19:45:48.627;2020-04-20
756;248;2009-12-22;privada;2016-01-14 19:53:28.613;2016-01-14 19:53:28.613;2020-03-22
757;248;2009-12-22;privada;2016-01-14 20:00:55.223;2016-01-14 20:00:55.223;2020-01-11
758;25;2010-02-05;privada;2016-01-14 20:01:26.910;2016-01-14 20:01:26.910;NULL
759;25;2010-02-05;privada;2016-01-14 20:08:41.583;2016-01-14 20:08:41.583;NULL
760;248;2009-12-22;privada;2016-01-14 20:08:56.193;2016-01-14 20:08:56.193;NULL
761;248;2009-12-22;privada;2016-01-14 20:17:17.833;2016-01-14 20:17:17.833;NULL
762;7;2010-01-12;privada;2016-01-14 20:23:28.523;2016-01-14 20:23:28.523;2020-05-31
763;7;2010-01-12;privada;2016-01-14 20:39:39.710;2016-01-14 20:39:39.710;2020-01-21
765;7;2010-01-12;privada;2016-01-14 20:59:38.947;2016-01-14 20:59:38.947;2020-04-13
766;34;2010-02-18;privada;2016-01-14 21:12:36.153;2016-01-14 21:12:36.153;2020-03-12
767;34;2010-02-18;privada;2016-01-14 21:31:48.187;2016-01-14 21:31:48.187;2020-02-03
768;7;2010-01-12;privada;2016-01-15 14:11:44.220;2016-01-15 14:11:44.220;0001-01-01
769;34;2010-02-18;privada;2016-01-15 14:16:32.940;2016-01-15 14:16:32.940;2020-02-02
770;7;2010-01-12;privada;2016-01-15 14:23:29.910;2016-01-15 14:23:29.910;NULL
771;34;2010-02-18;privada;2016-01-15 14:25:19.957;2016-01-15 14:25:19.957;2020-02-01
772;7;2010-01-12;publica;2016-01-15 14:30:11.613;2016-01-15 14:30:11.613;NULL
773;34;2010-02-18;privada;2016-01-15 14:33:50.270;2016-01-15 14:33:50.270;2020-02-09
774;34;2010-02-18;privada;2016-01-15 14:41:57.803;2016-01-15 14:41:57.803;NULL
775;7;2009-01-12;privada;2016-01-15 14:42:14.803;2016-01-15 14:42:14.803;2020-02-23
776;34;2010-02-18;privada;2016-01-15 15:29:05.183;2016-01-15 15:29:05.183;2020-02-12
777;34;2010-02-18;privada;2016-01-15 15:36:29.153;2016-01-15 15:36:29.153;NULL
779;34;2010-02-18;privada;2016-01-15 15:56:23.593;2016-01-15 15:56:23.593;2020-02-19
780;34;2010-02-18;privada;2016-01-15 16:00:51.063;2016-01-15 16:00:51.063;NULL
781;156;2013-08-16;privada;2016-01-15 16:05:45.720;2016-01-15 16:05:45.720;2020-03-17
782;54;2010-03-18;privada;2016-01-15 16:11:21.923;2016-01-15 16:11:21.923;2020-03-11
783;54;2010-03-18;privada;2016-01-15 16:17:47.347;2016-01-15 16:17:47.347;NULL
784;54;2010-03-18;privada;2016-01-15 16:22:36.493;2016-01-15 16:22:36.493;NULL
785;54;2010-03-18;privada;2016-01-15 16:28:24.027;2016-01-15 16:28:24.027;2020-02-19
786;54;2010-03-18;privada;2016-01-15 16:29:41.777;2016-01-15 16:29:41.777;2020-02-20
787;54;2010-03-18;privada;2016-01-15 16:36:47.923;2016-01-15 16:36:47.923;NULL
788;156;2013-08-16;privada;2016-01-15 16:38:04.907;2016-01-15 16:38:04.907;2020-02-23
789;54;2010-03-18;privada;2016-01-15 16:43:43.693;2016-01-15 16:43:43.693;NULL
790;156;2013-08-16;privada;2016-01-15 16:50:13.663;2016-01-15 16:50:13.663;NULL
791;54;2010-03-18;privada;2016-01-15 16:50:34.467;2016-01-15 16:50:34.467;2020-03-19
792;156;2013-08-16;privada;2016-01-15 17:11:24.293;2016-01-15 17:11:24.293;2020-03-02
793;54;2010-03-18;privada;2016-01-15 17:27:57.243;2016-01-15 17:27:57.243;2020-06-03
794;54;2010-03-18;privada;2016-01-15 17:40:03.040;2016-01-15 17:40:03.040;NULL
795;54;2010-03-18;privada;2016-01-15 19:03:51.973;2016-01-15 19:03:51.973;2020-04-05
796;77;2010-04-22;privada;2016-01-15 19:07:33.110;2016-01-15 19:07:33.110;2020-11-17
797;54;2010-03-18;privada;2016-01-15 19:13:31.237;2016-01-15 19:13:31.237;2020-04-12
798;77;2010-04-22;privada;2016-01-15 19:14:35.510;2016-01-15 19:14:35.510;NULL
799;54;2010-03-18;privada;2016-01-15 19:22:16.077;2016-01-15 19:22:16.077;2020-03-26
800;77;2010-04-22;privada;2016-01-15 19:27:35.867;2016-01-15 19:27:35.867;NULL
801;54;2010-03-18;privada;2016-01-15 19:34:14.277;2016-01-15 19:34:14.277;NULL
802;77;2010-04-22;privada;2016-01-15 19:37:46.300;2016-01-15 19:37:46.300;NULL
803;77;2010-04-22;privada;2016-01-15 19:42:50.160;2016-01-15 19:42:50.160;NULL
804;77;2010-04-22;privada;2016-01-15 19:49:20.307;2016-01-15 19:49:20.307;2020-04-12
805;77;2010-04-22;privada;2016-01-15 19:55:00.513;2016-01-15 19:55:00.513;2020-04-09
806;77;2010-04-22;privada;2016-01-15 20:03:42.120;2016-01-15 20:03:42.120;NULL
807;77;2010-04-22;privada;2016-01-15 20:04:55.203;2016-01-15 20:04:55.203;2020-04-13
808;77;2010-04-22;privada;2016-01-15 20:12:36.650;2016-01-15 20:12:36.650;2020-04-23
809;77;2010-04-22;privada;2016-01-15 20:13:31.200;2016-01-15 20:13:31.200;NULL
810;77;2010-04-22;privada;2016-01-15 20:27:27.140;2016-01-15 20:27:27.140;NULL
811;77;2010-04-22;privada;2016-01-15 20:32:05.003;2016-01-15 20:32:05.003;NULL
812;77;2010-04-22;privada;2016-01-15 20:32:48.907;2016-01-15 20:32:48.907;2020-05-11
813;77;2010-04-22;privada;2016-01-15 21:01:34.730;2016-01-15 21:01:34.730;2020-04-16
815;77;2010-04-22;privada;2016-01-15 21:17:17.607;2016-01-15 21:17:17.607;2020-04-14
816;77;2010-04-22;privada;2016-01-18 14:50:16.053;2016-01-18 14:50:16.053;2020-06-14
817;77;2010-04-22;privada;2016-01-18 15:23:41.293;2016-01-18 15:23:41.293;NULL
820;77;2010-04-22;privada;2016-01-18 15:33:22.730;2016-01-18 15:33:22.730;2020-06-18
822;90;2010-05-11;privada;2016-01-18 15:43:58.060;2016-01-18 15:43:58.060;NULL
823;77;2010-04-22;privada;2016-01-18 15:49:16.593;2016-01-18 15:49:16.593;NULL
824;90;2010-05-11;privada;2016-01-18 15:50:13.687;2016-01-18 15:50:13.687;NULL
825;123;2010-06-25;privada;2016-01-18 15:54:34.767;2016-01-18 15:54:34.767;2020-05-12
826;90;2010-05-11;privada;2016-01-18 15:57:14.827;2016-01-18 15:57:14.827;2020-06-11
827;77;2010-04-22;privada;2016-01-18 16:00:59.267;2016-01-18 16:00:59.267;NULL
828;90;2010-05-11;privada;2016-01-18 16:02:00.577;2016-01-18 16:02:00.577;2020-05-25
829;123;2010-06-25;privada;2016-01-18 16:04:09.297;2016-01-18 16:04:09.297;2020-05-12
830;123;2010-06-25;privada;2016-01-18 16:05:15.500;2016-01-18 16:05:15.500;2020-05-12
831;123;2010-06-25;privada;2016-01-18 16:08:34.470;2016-01-18 16:08:34.470;NULL
832;123;2010-06-25;privada;2016-01-18 16:13:40.610;2016-01-18 16:13:40.610;NULL
833;77;2010-04-22;privada;2016-01-18 16:14:27.283;2016-01-18 16:14:27.283;NULL
834;123;2010-06-25;privada;2016-01-18 16:19:49.330;2016-01-18 16:19:49.330;2020-06-04
835;90;2010-05-11;privada;2016-01-18 16:28:41.660;2016-01-18 16:28:41.660;NULL
836;123;2010-06-25;privada;2016-01-18 16:29:20.333;2016-01-18 16:29:20.333;2020-06-22
837;77;2010-04-22;privada;2016-01-18 16:29:43.877;2016-01-18 16:29:43.877;NULL
838;90;2010-05-11;privada;2016-01-18 16:35:43.363;2016-01-18 16:35:43.363;NULL
839;77;2010-04-22;privada;2016-01-18 16:38:28.740;2016-01-18 16:38:28.740;2020-04-23
840;90;2010-05-11;privada;2016-01-18 16:41:01.550;2016-01-18 16:41:01.550;NULL
841;77;2010-04-22;privada;2016-01-18 16:44:31.740;2016-01-18 16:44:31.740;2020-04-23
842;77;2010-04-22;publica;2016-01-18 16:50:41.583;2016-01-18 16:50:41.583;2020-04-25
843;90;2010-05-11;privada;2016-01-18 17:01:26.867;2016-01-18 17:01:26.867;2020-05-03
844;123;2010-06-25;privada;2016-01-18 17:07:39.413;2016-01-18 17:07:39.413;NULL
845;90;2010-05-11;privada;2016-01-18 17:13:32.257;2016-01-18 17:13:32.257;NULL
846;90;2010-05-11;privada;2016-01-18 17:32:41.463;2016-01-18 17:32:41.463;NULL
847;159;2010-08-17;privada;2016-01-18 17:36:18.417;2016-01-18 17:36:18.417;2020-08-11
848;90;2010-05-11;privada;2016-01-18 17:36:45.903;2016-01-18 17:36:45.903;NULL
849;159;2010-08-17;privada;2016-01-18 19:06:03.867;2016-01-18 19:06:03.867;2020-07-13
850;90;2010-05-11;privada;2016-01-18 19:17:13.117;2016-01-18 19:17:13.117;NULL
851;159;2010-08-17;privada;2016-01-18 19:19:14.007;2016-01-18 19:19:14.007;2020-07-27
852;90;2010-05-11;privada;2016-01-18 19:25:04.773;2016-01-18 19:25:04.773;NULL
853;159;2010-08-17;privada;2016-01-18 19:26:14.587;2016-01-18 19:26:14.587;2020-07-30
854;123;2010-06-25;privada;2016-01-18 19:28:51.667;2016-01-18 19:28:51.667;2020-06-07
855;90;2010-05-11;privada;2016-01-18 19:33:13.603;2016-01-18 19:33:13.603;NULL
856;123;2010-06-25;privada;2016-01-18 19:35:32.823;2016-01-18 19:35:32.823;2020-07-01
857;123;2010-06-25;privada;2016-01-18 19:47:31.747;2016-01-18 19:47:31.747;2020-07-15
858;123;2010-06-25;privada;2016-01-18 19:52:05.027;2016-01-18 19:52:05.027;NULL
859;90;2010-05-11;privada;2016-01-18 19:53:22.700;2016-01-18 19:53:22.700;NULL
860;123;2010-06-25;privada;2016-01-18 19:56:18.823;2016-01-18 19:56:18.823;2020-06-14
861;90;2010-05-11;privada;2016-01-18 19:58:58.340;2016-01-18 19:58:58.340;2020-05-11
862;159;2010-08-17;privada;2016-01-18 20:01:49.920;2016-01-18 20:01:49.920;2020-09-08
863;123;2010-06-25;privada;2016-01-18 20:03:03.700;2016-01-18 20:03:03.700;2020-07-02
864;123;2010-06-25;privada;2016-01-18 20:06:57.780;2016-01-18 20:06:57.780;2020-06-14
865;90;2010-05-11;privada;2016-01-18 20:09:23.593;2016-01-18 20:09:23.593;2020-05-03
866;159;2010-08-17;privada;2016-01-18 20:11:33.357;2016-01-18 20:11:33.357;NULL
867;90;2010-05-11;privada;2016-01-18 20:16:46.890;2016-01-18 20:16:46.890;2020-05-06
868;123;2010-06-25;privada;2016-01-18 20:17:46.670;2016-01-18 20:17:46.670;2020-06-15
869;90;2010-05-11;privada;2016-01-18 20:22:16.983;2016-01-18 20:22:16.983;2020-05-11
871;159;2010-08-17;privada;2016-01-18 20:23:46.797;2016-01-18 20:23:46.797;2020-07-22
872;159;2010-08-17;privada;2016-01-18 20:23:51.127;2016-01-18 20:23:51.127;NULL
873;159;2010-08-17;privada;2016-01-18 20:30:14.093;2016-01-18 20:30:14.093;NULL
874;195;2010-10-07;privada;2016-01-18 20:37:37.267;2016-01-18 20:37:37.267;2020-08-13
875;195;2010-10-07;privada;2016-01-18 20:43:20.220;2016-01-18 20:43:20.220;2020-08-10
876;159;2010-08-17;privada;2016-01-18 20:46:21.067;2016-01-18 20:46:21.067;NULL
877;195;2010-10-07;privada;2016-01-18 20:52:19.957;2016-01-18 20:52:19.957;2020-08-10
878;159;2010-08-17;privada;2016-01-18 20:52:39.817;2016-01-18 20:52:39.817;NULL
879;195;2010-10-07;privada;2016-01-18 20:56:20.457;2016-01-18 20:56:20.457;2020-10-15
880;159;2010-08-17;privada;2016-01-18 20:58:58.927;2016-01-18 20:58:58.927;NULL
881;195;2010-10-07;privada;2016-01-18 21:09:57.660;2016-01-18 21:09:57.660;2020-09-02
882;195;2010-10-07;privada;2016-01-18 21:27:35.350;2016-01-18 21:27:35.350;NULL
883;234;2010-12-02;privada;2016-01-18 21:28:46.507;2016-01-18 21:28:46.507;2020-11-25
884;195;2010-10-07;privada;2016-01-19 14:08:51.467;2016-01-19 14:08:51.467;2020-09-14
885;9;2010-01-13;privada;2016-01-19 14:09:25.500;2016-01-19 14:09:25.500;2021-01-05
888;234;2010-12-02;privada;2016-01-19 14:10:52.923;2016-01-19 14:10:52.923;2020-11-24
889;195;2010-10-07;privada;2016-01-19 14:15:29.813;2016-01-19 14:15:29.813;2020-10-26
890;9;2011-01-13;privada;2016-01-19 14:19:26.937;2016-01-19 14:19:26.937;NULL
891;9;2011-01-13;privada;2016-01-19 14:21:25.267;2016-01-19 14:21:25.267;NULL
892;195;2010-10-07;privada;2016-01-19 14:24:08.157;2016-01-19 14:24:08.157;2020-09-28
893;9;2011-01-13;privada;2016-01-19 14:30:49.110;2016-01-19 14:30:49.110;2021-02-09
894;234;2010-12-02;privada;2016-01-19 14:31:13.317;2016-01-19 14:31:13.317;2021-01-21
895;9;2011-01-13;privada;2016-01-19 14:35:12.940;2016-01-19 14:35:12.940;2020-12-14
896;9;2011-01-13;privada;2016-01-19 14:36:28.783;2016-01-19 14:36:28.783;2020-12-22
897;9;2011-01-13;privada;2016-01-19 14:42:06.877;2016-01-19 14:42:06.877;NULL
898;234;2010-12-02;privada;2016-01-19 14:44:35.707;2016-01-19 14:44:35.707;2020-10-13
899;9;2011-01-13;privada;2016-01-19 14:46:19.677;2016-01-19 14:46:19.677;2021-01-18
900;9;2011-01-13;privada;2016-01-19 15:18:41.227;2016-01-19 15:18:41.227;NULL
901;9;2011-01-13;privada;2016-01-19 15:27:02.820;2016-01-19 15:27:02.820;2010-12-22
903;234;2010-12-02;privada;2016-01-19 15:28:41.853;2016-01-19 15:28:41.853;2021-01-25
904;9;2011-01-13;privada;2016-01-19 15:29:39.227;2016-01-19 15:29:39.227;2020-12-21
905;9;2011-01-13;privada;2016-01-19 15:36:57.540;2016-01-19 15:36:57.540;0020-12-10
906;234;2010-12-02;privada;2016-01-19 15:41:33.557;2016-01-19 15:41:33.557;NULL
907;234;2010-12-02;privada;2016-01-19 15:56:08.467;2016-01-19 15:56:08.467;2020-11-03
908;9;2011-01-13;privada;2016-01-19 15:57:03.167;2016-01-19 15:57:03.167;2020-11-30
909;71;2011-04-12;privada;2016-01-19 15:57:19.777;2016-01-19 15:57:19.777;2021-01-25
910;234;2010-12-02;privada;2016-01-19 16:02:57.137;2016-01-19 16:02:57.137;NULL
911;9;2011-01-13;privada;2016-01-19 16:04:30.060;2016-01-19 16:04:30.060;NULL
912;234;2010-12-02;privada;2016-01-19 16:06:43.013;2016-01-19 16:06:43.013;NULL
914;234;2010-12-02;privada;2016-01-19 16:18:58.483;2016-01-19 16:18:58.483;NULL
915;234;2010-12-02;privada;2016-01-19 16:25:16.563;2016-01-19 16:25:16.563;2021-01-14
916;234;2010-12-02;privada;2016-01-19 16:31:06.767;2016-01-19 16:31:06.767;NULL
917;71;2011-04-12;privada;2016-01-19 16:45:28.863;2016-01-19 16:45:28.863;NULL
918;71;2011-04-12;privada;2016-01-19 16:49:08.080;2016-01-19 16:49:08.080;2021-01-14
921;71;2011-04-12;privada;2016-01-19 17:03:02.490;2016-01-19 17:03:02.490;NULL
922;20;2013-02-25;privada;2016-01-19 17:10:09.007;2016-01-19 17:10:09.007;2023-01-10
923;71;2011-04-12;privada;2016-01-19 17:12:04.427;2016-01-19 17:12:04.427;2021-11-25
924;71;2011-04-12;privada;2016-01-19 17:14:39.743;2016-01-19 17:14:39.743;2021-01-12
925;71;2011-04-12;privada;2016-01-19 17:18:57.677;2016-01-19 17:18:57.677;2021-03-10
926;71;2011-04-12;privada;2016-01-19 17:24:27.087;2016-01-19 17:24:27.087;NULL
927;19;2013-01-28;privada;2016-01-19 17:31:05.913;2016-01-19 17:31:05.913;2023-02-28
928;71;2011-04-12;privada;2016-01-19 17:36:51.930;2016-01-19 17:36:51.930;NULL
929;71;2011-04-12;privada;2016-01-19 17:43:30.617;2016-01-19 17:43:30.617;NULL
931;71;2011-04-12;privada;2016-01-19 19:12:46.333;2016-01-19 19:12:46.333;NULL
932;71;2011-04-12;privada;2016-01-19 19:16:45.660;2016-01-19 19:16:45.660;2021-05-04
933;105;2013-06-03;privada;2016-01-19 19:18:02.177;2016-01-19 19:18:02.177;2023-05-27
934;233;2011-12-05;privada;2016-01-19 19:24:57.177;2016-01-19 19:24:57.177;2021-12-06
935;99;2011-05-24;privada;2016-01-19 19:25:02.927;2016-01-19 19:25:02.927;2021-05-19
936;91;2013-05-14;privada;2016-01-19 19:30:14.523;2016-01-19 19:30:14.523;2023-06-06
937;99;2011-05-24;privada;2016-01-19 19:38:19.180;2016-01-19 19:38:19.180;2021-05-19
939;102;2011-05-27;privada;2016-01-19 19:48:17.383;2016-01-19 19:48:17.383;2021-05-23
940;172;2013-09-09;privada;2016-01-19 19:51:44.447;2016-01-19 19:51:44.447;2023-06-27
941;102;2011-05-27;privada;2016-01-19 19:55:33.260;2016-01-19 19:55:33.260;2021-05-23
942;233;2011-12-05;privada;2016-01-19 19:57:10.760;2016-01-19 19:57:10.760;2021-11-22
943;233;2011-12-05;privada;2016-01-19 20:05:20.073;2016-01-19 20:05:20.073;2021-11-22
944;233;2011-12-05;privada;2016-01-19 20:06:59.980;2016-01-19 20:06:59.980;2021-11-22
945;115;2011-06-15;privada;2016-01-19 20:10:21.103;2016-01-19 20:10:21.103;2021-06-06
947;136;2011-07-14;privada;2016-01-19 20:17:06.183;2016-01-19 20:17:06.183;2021-06-23
948;000;0001-01-01;privada;2016-01-19 20:23:14.370;2016-01-19 20:23:14.370;2022-01-05
949;172;2013-09-09;privada;2016-01-19 20:27:16.200;2016-01-19 20:27:16.200;2023-06-27
950;246;2013-12-20;privada;2016-01-19 20:29:45.387;2016-01-19 20:29:45.387;2023-10-18
951;46;2012-03-05;privada;2016-01-19 20:35:16.763;2016-01-19 20:35:16.763;2022-01-24
952;246;2013-12-20;privada;2016-01-19 20:40:06.390;2016-01-19 20:40:06.390;2023-10-31
953;151;2013-08-08;privada;2016-01-19 20:52:47.173;2016-01-19 20:52:47.173;2022-01-24
954;247;2013-12-20;privada;2016-01-19 20:54:40.813;2016-01-19 20:54:40.813;2023-12-04
955;207;2009-10-26;privada;2016-01-19 20:57:45.937;2016-01-19 20:57:45.937;2020-02-22
956;207;2009-10-26;privada;2016-01-19 20:59:27.890;2016-01-19 20:59:27.890;2020-06-01
957;46;2012-03-05;privada;2016-01-19 21:01:02.750;2016-01-19 21:01:02.750;2022-01-24
958;53;2014-03-17;privada;2016-01-19 21:07:12.957;2016-01-19 21:07:12.957;2024-03-07
959;207;2009-10-26;privada;2016-01-19 21:12:14.907;2016-01-19 21:12:14.907;2020-03-12
960;207;2009-10-26;privada;2016-01-19 21:13:50.957;2016-01-19 21:13:50.957;2020-01-15
961;110;2014-06-10;privada;2016-01-19 21:20:39.580;2016-01-19 21:20:39.580;2024-05-12
962;000;0001-01-01;publica;2016-01-19 21:21:42.613;2016-01-19 21:21:42.613;2022-03-15
963;236;2009-12-04;privada;2016-01-19 21:23:18.160;2016-01-19 21:23:18.160;2019-11-13
964;236;2009-12-04;privada;2016-01-19 21:24:54.707;2016-01-19 21:24:54.707;2020-02-15
965;236;2009-12-04;privada;2016-01-19 21:26:29.817;2016-01-19 21:26:29.817;2020-03-15
966;236;2009-12-04;privada;2016-01-19 21:30:57.223;2016-01-19 21:30:57.223;2020-02-10
967;236;2009-12-04;privada;2016-01-19 21:35:51.630;2016-01-19 21:35:51.630;2020-01-14
968;000;0001-01-01;privada;2016-01-20 14:17:34.137;2016-01-20 14:17:34.137;2022-04-09
970;99;2012-05-23;privada;2016-01-20 14:26:27.453;2016-01-20 14:26:27.453;2022-05-02
971;136;2011-07-14;privada;2016-01-20 14:27:21.280;2016-01-20 14:27:21.280;2021-06-23
972;207;2014-10-28;privada;2016-01-20 14:32:51.360;2016-01-20 14:32:51.360;2024-09-22
973;121;2012-06-22;privada;2016-01-20 14:39:41.453;2016-01-20 14:39:41.453;NULL
976;143;2015-07-24;privada;2016-01-20 15:37:59.647;2016-01-20 15:37:59.647;2025-05-28
977;142;2015-07-23;privada;2016-01-20 15:48:57.667;2016-01-20 15:48:57.667;2025-06-25
978;166;2012-08-29;privada;2016-01-20 15:52:54.523;2016-01-20 15:52:54.523;2022-07-17
979;198;2011-10-14;privada;2016-01-20 16:29:46.920;2016-01-20 16:29:46.920;2021-08-01
980;198;2011-10-14;privada;2016-01-20 16:42:58.797;2016-01-20 16:42:58.797;2021-08-24
981;198;2011-10-14;privada;2016-01-20 16:49:07.140;2016-01-20 16:49:07.140;2021-08-22
982;198;2011-10-14;privada;2016-01-20 17:06:28.173;2016-01-20 17:06:28.173;2021-09-05
983;166;2012-08-29;privada;2016-01-20 17:11:44.097;2016-01-20 17:11:44.097;2022-08-20
984;198;2011-10-14;privada;2016-01-20 17:16:47.457;2016-01-20 17:16:47.457;2021-09-05
985;198;2011-10-14;privada;2016-01-20 17:26:04.130;2016-01-20 17:26:04.130;2021-09-05
986;166;2012-08-29;privada;2016-01-20 17:28:39.707;2016-01-20 17:28:39.707;2022-07-20
987;198;2011-10-14;privada;2016-01-20 17:35:58.600;2016-01-20 17:35:58.600;2021-09-05
988;198;2011-10-14;privada;2016-01-20 17:44:10.337;2016-01-20 17:44:10.337;2011-09-22
989;166;2012-08-29;privada;2016-01-20 19:12:07.923;2016-01-20 19:12:07.923;2022-07-20
990;202;2011-10-21;privada;2016-01-20 19:19:44.800;2016-01-20 19:19:44.800;2021-10-05
991;166;2012-08-29;privada;2016-01-20 19:20:07.253;2016-01-20 19:20:07.253;2022-08-04
993;233;2011-12-05;privada;2016-01-20 19:28:58.190;2016-01-20 19:28:58.190;2021-11-07
994;64;2013-04-03;privada;2016-01-20 19:31:32.660;2016-01-20 19:31:32.660;2022-11-28
995;233;2011-12-05;privada;2016-01-20 19:39:14.613;2016-01-20 19:39:14.613;NULL
996;64;2013-04-03;privada;2016-01-20 19:39:50.817;2016-01-20 19:39:50.817;2022-11-23
997;233;2011-12-05;privada;2016-01-20 19:43:58.880;2016-01-20 19:43:58.880;2021-11-07
998;248;2009-12-22;privada;2016-01-20 19:55:51.583;2016-01-20 19:55:51.583;2020-02-22
999;248;2009-12-22;privada;2016-01-20 19:58:44.210;2016-01-20 19:58:44.210;2020-03-11
1000;248;2009-12-22;privada;2016-01-20 20:03:11.257;2016-01-20 20:03:11.257;2020-01-21
1001;248;2009-12-22;privada;2016-01-20 20:06:40.320;2016-01-20 20:06:40.320;2020-03-02
1002;248;2009-12-22;privada;2016-01-20 20:08:45.570;2016-01-20 20:08:45.570;2020-02-08
1004;248;2009-12-22;privada;2016-01-20 20:10:14.040;2016-01-20 20:10:14.040;2020-02-08
1005;248;2009-12-22;privada;2016-01-20 20:11:25.447;2016-01-20 20:11:25.447;2020-03-23
1006;248;2009-12-22;privada;2016-01-20 20:12:37.523;2016-01-20 20:12:37.523;2020-03-12
1007;248;2009-12-22;privada;2016-01-20 20:14:21.587;2016-01-20 20:14:21.587;2020-04-23
1008;207;2009-10-26;privada;2016-01-25 14:08:42.897;2016-01-25 14:08:42.897;2020-03-08
1010;207;2009-10-26;privada;2016-01-25 14:56:03.137;2016-01-25 14:56:03.137;2020-03-12
1013;248;2009-12-12;privada;2016-01-25 15:35:47.890;2016-01-25 15:35:47.890;NULL
1021;207;2009-10-26;privada;2016-01-25 16:18:53.693;2016-01-25 16:18:53.693;NULL
1023;248;2009-12-22;privada;2016-01-25 16:26:49.723;2016-01-25 16:26:49.723;0001-01-01
1024;207;2009-10-26;privada;2016-01-25 16:27:24.053;2016-01-25 16:27:24.053;2020-03-11
1034;207;2009-10-26;privada;2016-01-25 17:07:51.043;2016-01-25 17:07:51.043;NULL
1037;201;2009-10-16;privada;2016-01-25 17:31:20.547;2016-01-25 17:31:20.547;NULL
1038;34;2010-02-18;privada;2016-01-25 17:34:49.077;2016-01-25 17:34:49.077;2020-02-01
1040;248;2009-12-22;privada;2016-01-25 17:57:57.047;2016-01-25 17:57:57.047;NULL
1041;000;0001-01-01;privada;2016-01-25 19:05:15.493;2016-01-25 19:05:15.493;NULL
1043;207;2009-10-26;privada;2016-01-25 19:16:05.433;2016-01-25 19:16:05.433;2019-10-07
1047;159;2010-08-17;privada;2016-01-25 19:24:54.323;2016-01-25 19:24:54.323;2020-07-20
1048;248;2009-12-22;privada;2016-01-25 19:30:04.717;2016-01-25 19:30:04.717;2020-01-26
1049;207;2009-10-26;privada;2016-01-25 19:37:46.327;2016-01-25 19:37:46.327;2019-10-05
1053;159;2010-08-17;privada;2016-01-25 19:48:33.530;2016-01-25 19:48:33.530;NULL
1058;007;2010-01-12;privada;2016-01-25 20:12:43.110;2016-01-25 20:12:43.110;NULL
1064;99;2012-05-23;privada;2016-01-25 20:37:35.317;2016-01-25 20:37:35.317;2022-05-10
1066;123;2010-06-25;privada;2016-01-25 20:38:59.067;2016-01-25 20:38:59.067;2020-05-12
1068;000;0001-01-01;privada;2016-01-25 20:47:00.833;2016-01-25 20:47:00.833;0001-01-01
1071;248;2009-12-22;privada;2016-01-25 21:23:26.510;2016-01-25 21:23:26.510;NULL
1072;000;0001-01-01;privada;2016-01-26 13:56:46.470;2016-01-26 13:56:46.470;NULL
1073;000;0001-01-01;privada;2016-01-26 13:57:59.517;2016-01-26 13:57:59.517;NULL
1074;001;0001-01-01;privada;2016-01-26 13:58:23.283;2016-01-26 13:58:23.283;0001-01-01
1075;000;0001-01-01;privada;2016-01-26 13:59:04.237;2016-01-26 13:59:04.237;NULL
1076;001;0001-01-01;privada;2016-01-26 13:59:46.657;2016-01-26 13:59:46.657;0001-01-01
1077;000;0001-01-01;privada;2016-01-26 14:00:19.627;2016-01-26 14:00:19.627;NULL
1078;01;0001-01-01;privada;2016-01-26 14:01:10.377;2016-01-26 14:01:10.377;NULL
1079;000;0001-01-01;privada;2016-01-26 14:01:32.673;2016-01-26 14:01:32.673;NULL
1080;000;0001-01-01;privada;2016-01-26 14:01:49.563;2016-01-26 14:01:49.563;0001-01-01
1081;01;0001-01-01;privada;2016-01-26 14:02:53.550;2016-01-26 14:02:53.550;NULL
1082;01;0001-01-01;privada;2016-01-26 14:03:55.220;2016-01-26 14:03:55.220;NULL
1083;000;0001-01-01;privada;2016-01-26 14:04:04.847;2016-01-26 14:04:04.847;NULL
1084;7;2010-01-12;privada;2016-01-26 14:05:03.813;2016-01-26 14:05:03.813;2020-01-07
1085;207;2009-10-26;privada;2016-01-26 14:11:24.033;2016-01-26 14:11:24.033;NULL
1086;000;0001-01-01;privada;2016-01-26 14:13:41.267;2016-01-26 14:13:41.267;NULL
1087;236;2009-12-04;privada;2016-01-26 14:16:15.440;2016-01-26 14:16:15.440;NULL
1088;207;2009-10-26;privada;2016-02-02 14:30:52.133;2016-02-02 14:30:52.133;2019-10-29
1089;000;0001-01-01;privada;2016-02-02 14:33:40.290;2016-02-02 14:33:40.290;NULL
1090;000;0001-01-01;publica;2016-02-02 16:05:48.190;2016-02-02 16:05:48.190;0001-01-01
1095;000;0001-01-01;privada;2016-02-02 16:47:35.180;2016-02-02 16:47:35.180;2011-09-09
1097;201;2009-10-16;privada;2016-02-02 17:20:37.153;2016-02-02 17:20:37.153;2019-09-22
1098;000;0001-01-01;privada;2016-02-02 17:27:20.933;2016-02-02 17:27:20.933;2011-12-16
1099;000;0001-01-01;publica;2016-02-02 17:42:27.797;2016-02-02 17:42:27.797;2024-09-26
1101;000;0001-01-01;publica;2016-02-02 17:53:05.140;2016-02-02 17:53:05.140;NULL
1102;000;0001-01-01;publica;2016-02-02 17:57:03.327;2016-02-02 17:57:03.327;NULL
1105;000;0001-01-01;privada;2016-02-02 20:06:49.483;2016-02-02 20:06:49.483;NULL
1106;000;0001-01-01;privada;2016-02-02 20:11:01.783;2016-02-02 20:11:01.783;NULL
1107;0000;0001-01-01;publica;2016-02-02 20:13:09.657;2016-02-02 20:13:09.657;NULL
1112;130;2009-07-07;publica;2016-02-02 21:08:58.353;2016-02-02 21:08:58.353;2019-06-05
1114;201;2009-10-16;publica;2016-02-02 21:21:23.103;2016-02-02 21:21:23.103;2019-09-22
1116;236;2009-12-04;privada;2016-02-02 21:38:45.400;2016-02-02 21:38:45.400;NULL
1120;71;2011-04-12;privada;2016-02-03 14:20:06.800;2016-02-03 14:20:06.800;NULL
1124;236;2009-12-04;privada;2016-02-03 14:32:47.910;2016-02-03 14:32:47.910;2019-11-11
1125;000;0001-01-01;publica;2016-02-03 14:32:57.007;2016-02-03 14:32:57.007;2025-05-14
1127;ALCANCE DIGITAL 96;2012-07-16;privada;2016-02-03 15:03:54.570;2016-02-03 15:03:54.570;2022-06-10
1128;000;0001-01-01;privada;2016-02-03 15:14:30.933;2016-02-03 15:14:30.933;0001-01-01
1131;39;2013-02-25;privada;2016-02-03 16:05:36.843;2016-02-03 16:05:36.843;NULL
1132;000;0001-01-01;publica;2016-02-03 16:08:13.110;2016-02-03 16:08:13.110;NULL
1136;125;2010-06-29;privada;2016-02-03 16:48:31.600;2016-02-03 16:48:31.600;2020-05-21
1137;000;0001-01-01;privada;2016-02-03 16:50:35.317;2016-02-03 16:50:35.317;2020-05-21
1138;125;2010-06-29;privada;2016-02-03 17:10:56.430;2016-02-03 17:10:56.430;2020-05-28
1139;000;0001-01-01;privada;2016-02-03 17:13:51.307;2016-02-03 17:13:51.307;NULL
1140;000;0001-01-01;privada;2016-02-03 17:18:12.650;2016-02-03 17:18:12.650;NULL
1141;74;2010-04-19;publica;2016-02-03 17:18:51.273;2016-02-03 17:18:51.273;2020-04-06
1143;163;2014-08-26;publica;2016-02-03 17:24:15.963;2016-02-03 17:24:15.963;2023-08-08
1144;239;2015-12-09;publica;2016-02-03 17:26:51.180;2016-02-03 17:26:51.180;2025-11-26
1145;000;0001-01-01;privada;2016-02-03 17:26:52.370;2016-02-03 17:26:52.370;NULL
1146;000;0001-01-01;privada;2016-02-03 17:27:36.587;2016-02-03 17:27:36.587;NULL
1147;202;2015-10-19;publica;2016-02-03 17:27:46.993;2016-02-03 17:27:46.993;2025-10-01
1149;000;0001-01-01;privada;2016-02-03 19:25:58.150;2016-02-03 19:25:58.150;NULL
1150;000;0001-01-01;publica;2016-02-03 19:44:22.760;2016-02-03 19:44:22.760;0001-01-01
1151;193;2009-10-05;publica;2016-02-03 19:48:19.447;2016-02-03 19:48:19.447;2019-12-03
1152;000;0001-01-01;publica;2016-02-03 20:03:36.060;2016-02-03 20:03:36.060;NULL
1153;000;0001-01-01;privada;2016-02-03 21:14:07.533;2016-02-03 21:14:07.533;0001-01-01
1154;000;0001-01-01;privada;2016-02-03 21:15:47.050;2016-02-03 21:15:47.050;NULL
1156;000;0001-01-01;publica;2016-02-11 19:36:15.363;2016-02-11 19:36:15.363;NULL
1157;40;2010-02-26;publica;2016-02-11 19:37:49.723;2016-02-11 19:37:49.723;2020-02-08
1158;248;2011-12-26;publica;2016-02-11 19:39:42.427;2016-02-11 19:39:42.427;2021-12-15
1159;207;2009-10-26;privada;2016-02-11 19:41:26.663;2016-02-11 19:41:26.663;2019-11-24
1160;176;2009-09-09;privada;2016-02-11 19:46:16.163;2016-02-11 19:46:16.163;NULL
1161;000;0001-01-01;privada;2016-02-11 19:47:30.680;2016-02-11 19:47:30.680;NULL
1162;236;2009-12-04;privada;2016-02-15 14:39:28.300;2016-02-15 14:39:28.300;2020-02-15
1163;236;2009-12-04;privada;2016-02-15 21:44:39.507;2016-02-15 21:44:39.507;2020-03-10
1166;207;2009-10-26;privada;2016-02-16 17:19:46.363;2016-02-16 17:19:46.363;2020-08-12
1167;178;2013-09-17;privada;2016-02-16 17:23:24.517;2016-02-16 17:23:24.517;2023-09-05
1169;39;2013-02-25;privada;2016-02-16 17:33:51.520;2016-02-16 17:33:51.520;2023-01-10
1170;102;2013-05-29;privada;2016-02-16 17:35:20.020;2016-02-16 17:35:20.020;2023-05-02
1171;110;2014-06-10;privada;2016-02-16 17:55:36.023;2016-02-16 17:55:36.023;2024-05-12
1172;124;2014-06-29;privada;2016-02-16 17:56:26.350;2016-02-16 17:56:26.350;2024-12-17
1173;124;2014-06-09;privada;2016-02-16 17:56:54.587;2016-02-16 17:56:54.587;2025-01-07
1174;139;2009-07-20;privada;2016-02-16 19:18:20.923;2016-02-16 19:18:20.923;2019-07-08
1175;139;2009-07-20;privada;2016-02-16 19:20:47.737;2016-02-16 19:20:47.737;2025-07-08
1176;134;2009-07-13;privada;2016-02-16 19:22:05.313;2016-02-16 19:22:05.313;NULL
1177;171;2009-09-02;privada;2016-02-16 19:27:06.190;2016-02-16 19:27:06.190;2019-07-13
1178;201;2009-10-16;privada;2016-02-16 19:36:46.253;2016-02-16 19:36:46.253;2019-09-18
1179;201;2009-10-16;privada;2016-02-16 19:39:38.143;2016-02-16 19:39:38.143;2019-09-22
1180;207;2009-10-26;privada;2016-02-16 19:43:48.473;2016-02-16 19:43:48.473;2019-10-05
1181;207;2009-10-26;privada;2016-02-16 19:46:43.927;2016-02-16 19:46:43.927;2019-10-06
1182;207;2009-10-26;publica;2016-02-16 19:49:06.897;2016-02-16 19:49:06.897;2019-10-02
1183;207;2009-10-26;privada;2016-02-16 19:53:23.507;2016-02-16 19:53:23.507;2019-10-06
1184;207;2009-10-26;privada;2016-02-16 19:53:40.553;2016-02-16 19:53:40.553;0001-01-01
1185;207;2009-10-26;privada;2016-02-16 19:56:09.910;2016-02-16 19:56:09.910;2019-10-08
1186;248;2009-12-12;privada;2016-02-16 20:01:06.960;2016-02-16 20:01:06.960;NULL
1187;130;2009-07-07;privada;2016-02-16 20:08:42.977;2016-02-16 20:08:42.977;2019-06-24
1188;201;2009-10-16;privada;2016-02-16 20:11:36.257;2016-02-16 20:11:36.257;2019-09-22
1189;166;2012-08-29;privada;2016-02-16 20:16:47.587;2016-02-16 20:16:47.587;2022-08-16
1190;201;2009-10-16;privada;2016-02-16 20:30:37.947;2016-02-16 20:30:37.947;2019-09-18
1191;000;0001-01-01;privada;2016-02-16 20:34:48.197;2016-02-16 20:34:48.197;NULL
1194;248;2012-12-24;privada;2016-02-17 14:25:13.933;2016-02-17 14:25:13.933;2022-11-23
1196;000;0001-01-01;privada;2016-02-17 14:37:00.293;2016-02-17 14:37:00.293;NULL
1197;125;2010-09-19;publica;2016-02-17 14:47:21.607;2016-02-17 14:47:21.607;NULL
1198;40;2010-02-26;privada;2016-02-17 14:50:21.233;2016-02-17 14:50:21.233;2020-02-16
1199;95;2014-05-20;publica;2016-02-17 14:52:17.937;2016-02-17 14:52:17.937;2024-05-12
1200;146;2011-07-29;publica;2016-02-17 14:55:49.327;2016-02-17 14:55:49.327;2021-07-13
1201;159;2010-08-17;privada;2016-02-17 14:58:13.593;2016-02-17 14:58:13.593;2020-08-17
1202;000;0001-01-01;publica;2016-02-17 15:00:02.217;2016-02-17 15:00:02.217;NULL
1204;40;2010-02-26;privada;2016-02-17 15:46:23.550;2016-02-17 15:46:23.550;2020-02-05
1205;000;0001-01-01;privada;2016-02-17 15:50:45.097;2016-02-17 15:50:45.097;NULL
1206;87;2013-05-09;publica;2016-02-17 15:54:01.350;2016-02-17 15:54:01.350;2023-04-25
1207;000;0001-01-01;privada;2016-02-17 15:55:36.397;2016-02-17 15:55:36.397;2020-06-13
1208;40;2010-02-26;privada;2016-02-17 15:58:12.443;2016-02-17 15:58:12.443;2020-02-01
1209;148;2010-07-30;publica;2016-02-17 16:02:00.570;2016-02-17 16:02:00.570;2020-03-18
1213;74;2010-04-19;publica;2016-02-17 16:43:23.293;2016-02-17 16:43:23.293;2020-04-06
1215;000;0001-01-01;publica;2016-02-17 16:46:45.073;2016-02-17 16:46:45.073;NULL
1216;000;0001-01-01;publica;2016-02-17 16:46:50.463;2016-02-17 16:46:50.463;NULL
1217;000;0001-01-01;publica;2016-02-17 16:47:23.917;2016-02-17 16:47:23.917;NULL
1218;47;2015-02-27;privada;2016-02-17 16:49:24.260;2016-02-17 16:49:24.260;2025-02-19
1219;000;0001-01-01;privada;2016-02-17 16:51:22.933;2016-02-17 16:51:22.933;NULL
1220;176;2009-09-09;publica;2016-02-17 16:55:26.247;2016-02-17 16:55:26.247;2019-08-31
1221;248;2012-12-24;privada;2016-02-17 16:59:33.467;2016-02-17 16:59:33.467;2022-12-24
1222;74;2010-04-19;privada;2016-02-17 17:02:36.043;2016-02-17 17:02:36.043;2021-04-06
1223;00;0001-01-01;privada;2016-02-17 17:04:28.840;2016-02-17 17:04:28.840;NULL
1224;7;2010-01-12;privada;2016-02-17 17:08:13.280;2016-02-17 17:08:13.280;2020-01-07
1225;143;2011-07-26;publica;2016-02-17 17:11:45.497;2016-02-17 17:11:45.497;2021-07-12
1226;71;2011-04-12;privada;2016-02-17 17:25:48.890;2016-02-17 17:25:48.890;2021-07-12
1228;86;2010-05-05;privada;2016-02-17 17:35:53.330;2016-02-17 17:35:53.330;2020-04-13
1229;86;2010-05-05;publica;2016-02-17 17:40:56.957;2016-02-17 17:40:56.957;2020-04-13
1230;176;2009-09-09;privada;2016-02-17 17:57:19.427;2016-02-17 17:57:19.427;2019-08-31
1231;86;2010-05-05;privada;2016-02-17 18:04:43.347;2016-02-17 18:04:43.347;2020-05-27
1232;71;2011-04-12;privada;2016-02-17 18:08:51.537;2016-02-17 18:08:51.537;2021-02-22
1233;136;2011-07-14;privada;2016-02-17 19:18:37.530;2016-02-17 19:18:37.530;2021-07-05
1234;195;2010-10-07;publica;2016-02-17 19:21:34.653;2016-02-17 19:21:34.653;NULL
1235;247;2009-12-22;privada;2016-02-17 19:27:18.920;2016-02-17 19:27:18.920;2019-11-27
1236;99;2012-05-23;privada;2016-02-17 19:33:08.563;2016-02-17 19:33:08.563;2022-03-27
1237;148;2013-08-05;privada;2016-02-17 19:35:27.610;2016-02-17 19:35:27.610;2013-07-23
1239;233;2015-12-01;publica;2016-02-17 19:57:40.817;2016-02-17 19:57:40.817;2023-10-21
1240;236;2009-12-04;privada;2016-02-17 20:00:37.503;2016-02-17 20:00:37.503;2019-11-26
1241;74;2009-04-19;privada;2016-02-17 20:11:23.690;2016-02-17 20:11:23.690;2019-04-19
1242;86;2010-05-05;privada;2016-02-17 20:17:52.007;2016-02-17 20:17:52.007;2020-04-22
1243;157;2009-08-13;privada;2016-02-17 20:21:57.457;2016-02-17 20:21:57.457;2019-08-05
1244;000;0001-01-01;privada;2016-02-17 20:23:13.787;2016-02-17 20:23:13.787;NULL
1245;000;0001-01-01;privada;2016-02-17 20:31:28.490;2016-02-17 20:31:28.490;NULL
1246;40;2010-02-26;publica;2016-02-17 20:33:44.883;2016-02-17 20:33:44.883;2020-02-15
1247;171;2009-09-02;publica;2016-02-17 20:37:56.257;2016-02-17 20:37:56.257;2019-09-02
1249;000;0001-01-01;publica;2016-02-17 21:18:41.043;2016-02-17 21:18:41.043;0001-01-01
1250;000;0001-01-01;publica;2016-02-17 21:25:21.217;2016-02-17 21:25:21.217;0001-01-01
1252;000;0001-01-01;privada;2016-02-17 21:33:07.123;2016-02-17 21:33:07.123;0001-01-01
1253;130;2009-07-07;publica;2016-02-17 21:44:23.733;2016-02-17 21:44:23.733;2019-07-07
1254;134;2009-07-13;publica;2016-02-17 21:47:44.267;2016-02-17 21:47:44.267;2019-07-13
1255;No Indica;0001-01-01;privada;2016-02-19 19:34:38.690;2016-02-19 19:34:38.690;NULL
1256;000;0001-01-01;privada;2016-02-22 16:25:01.113;2016-02-22 16:25:01.113;NULL
1262;74;2010-04-19;privada;2016-03-31 17:23:21.097;2016-03-31 17:23:21.097;2010-04-06
1263;178;2013-09-17;privada;2016-04-01 15:23:45.097;2016-04-01 15:23:45.097;2023-09-05
1264;No.50;2016-03-11;publica;2016-04-01 16:15:20.803;2016-04-01 16:15:20.803;NULL
1265;NO  APLICA;0001-01-01;publica;2016-04-04 17:40:11.900;2016-04-04 17:40:11.900;2025-06-11
1266;NO APLICA;0001-01-01;publica;2016-04-04 18:22:02.590;2016-04-04 18:22:02.590;0001-01-01
1268;Publicación en proceso;0001-01-01;publica;2016-06-13 20:07:36.163;2016-06-13 20:07:36.163;2016-06-09
1269;EN PROCESO DE PUBLICACION;0001-01-01;publica;2016-06-24 15:05:56.573;2016-06-24 15:05:56.573;2026-05-19
1270;EN PROCESO DE PUBLICACION;0001-01-01;publica;2016-06-24 20:49:38.410;2016-06-24 20:49:38.410;2026-05-19
1271;00;0001-01-01;publica;2016-06-29 21:39:37.207;2016-06-29 21:39:37.207;NULL
1272;Publicación en proceso;0001-01-01;publica;2016-08-17 15:19:16.003;2016-08-17 15:19:16.003;2026-08-11
1274;207;2009-10-26;privada;2016-10-18 17:07:31.210;2016-10-18 17:07:31.210;2020-05-21
1275;000;0001-01-01;privada;2016-10-18 17:45:53.813;2016-10-18 17:45:53.813;NULL
1276;181 (Fe de erratas);2016-09-21;privada;2016-10-21 14:41:15.450;2016-10-21 14:41:15.450;NULL
1277;EN PROCESO DE PUBLICACIÓN;0001-01-01;publica;2016-11-18 20:38:27.260;2016-11-18 20:38:27.260;2026-10-26
1279;NO APLICA;0001-01-01;publica;2017-01-30 20:22:16.837;2017-01-30 20:22:16.837;0001-01-01
1282;NO APLICA;0001-01-01;privada;2017-01-31 16:21:02.477;2017-01-31 16:21:02.477;0001-01-01
1283;NO APLICA;0001-01-01;privada;2017-01-31 16:22:40.580;2017-01-31 16:22:40.580;0001-01-01
1284;PENDIENTE PUBLICACIÓN;0001-01-01;publica;2017-01-31 20:21:22.923;2017-01-31 20:21:22.923;2027-01-26
1285;PENDIENTE;0001-01-01;publica;2017-01-31 20:31:40.890;2017-01-31 20:31:40.890;2027-01-26
