id;distrito;canton_id;created_at;updated_at
1;ALAJUELA;1;2015-10-07 22:00:05.503;2015-10-07 22:00:05.503
2;CARRIZAL;1;2015-10-07 22:00:05.533;2015-10-07 22:00:05.533
3;DESAMPARADOS;1;2015-10-07 22:00:05.550;2015-10-07 22:00:05.550
4;GARITA;1;2015-10-07 22:00:05.580;2015-10-07 22:00:05.580
5;GUACIMA;1;2015-10-07 22:00:05.613;2015-10-07 22:00:05.613
6;RIO_SEGUNDO;1;2015-10-07 22:00:05.643;2015-10-07 22:20:38.680
7;SABANILLA;1;2015-10-07 22:00:05.660;2015-10-07 22:00:05.660
8;SAN_ANTONIO;1;2015-10-07 22:00:05.690;2015-10-07 22:20:38.693
9;SAN_ISIDRO;1;2015-10-07 22:00:05.720;2015-10-07 22:20:38.693
10;SAN_JOSE;1;2015-10-07 22:00:05.753;2015-10-07 22:20:38.710
11;SAN_RAFAEL;1;2015-10-07 22:00:05.767;2015-10-07 22:20:38.727
12;SARAPIQUI;1;2015-10-07 22:00:05.800;2015-10-07 22:00:05.800
13;TAMBOR;1;2015-10-07 22:00:05.830;2015-10-07 22:00:05.830
14;TURRUCARES;1;2015-10-07 22:00:05.863;2015-10-07 22:00:05.863
15;BRISAS;2;2015-10-07 22:00:05.893;2015-10-07 22:00:05.893
16;GUADALUPE;2;2015-10-07 22:00:05.910;2015-10-07 22:00:05.910
17;LAGUNA;2;2015-10-07 22:00:05.940;2015-10-07 22:00:05.940
18;PALMIRA;2;2015-10-07 22:00:05.970;2015-10-07 22:00:05.970
19;TAPESCO;2;2015-10-07 22:00:05.987;2015-10-07 22:00:05.987
20;ZAPOTE;2;2015-10-07 22:00:06.017;2015-10-07 22:00:06.017
21;ZARCERO;2;2015-10-07 22:00:06.050;2015-10-07 22:00:06.050
22;ATENAS;3;2015-10-07 22:00:06.067;2015-10-07 22:00:06.067
23;CONCEPCION;3;2015-10-07 22:00:06.097;2015-10-07 22:00:06.097
24;ESCOBAL;3;2015-10-07 22:00:06.127;2015-10-07 22:00:06.127
25;JESUS;3;2015-10-07 22:00:06.160;2015-10-07 22:00:06.160
26;MERCEDES;3;2015-10-07 22:00:06.177;2015-10-07 22:00:06.177
27;SAN_ISIDRO;3;2015-10-07 22:00:06.207;2015-10-07 22:20:38.803
28;SAN_JOSE;3;2015-10-07 22:00:06.237;2015-10-07 22:20:38.803
29;SANTA_EULALIA;3;2015-10-07 22:00:06.253;2015-10-07 22:20:38.820
30;BOLIVAR;4;2015-10-07 22:00:06.283;2015-10-07 22:00:06.283
31;GRECIA;4;2015-10-07 22:00:06.317;2015-10-07 22:00:06.317
32;PUENTE_DE_PIEDRA;4;2015-10-07 22:00:06.330;2015-10-07 22:20:38.837
33;RIO_CUARTO;4;2015-10-07 22:00:06.363;2015-10-07 22:20:38.850
34;SAN_ISIDRO;4;2015-10-07 22:00:06.393;2015-10-07 22:20:38.867
35;SAN_JOSE;4;2015-10-07 22:00:06.427;2015-10-07 22:20:38.867
36;SAN_ROQUE;4;2015-10-07 22:00:06.440;2015-10-07 22:20:38.883
37;TACARES;4;2015-10-07 22:00:06.470;2015-10-07 22:00:06.470
38;BUENAVISTA;5;2015-10-07 22:00:06.503;2015-10-07 22:00:06.503
39;COTE;5;2015-10-07 22:00:06.517;2015-10-07 22:00:06.517
40;SAN_RAFAEL;5;2015-10-07 22:00:06.550;2015-10-07 22:20:38.913
41;CANO_NEGRO;6;2015-10-07 22:00:06.580;2015-10-07 22:20:38.913
42;EL_AMPARO;6;2015-10-07 22:00:06.597;2015-10-07 22:20:38.930
43;LOS_CHILES;6;2015-10-07 22:00:06.627;2015-10-07 22:20:38.943
44;SAN_JORGE;6;2015-10-07 22:00:06.660;2015-10-07 22:20:38.943
45;CIRRI_SUR;7;2015-10-07 22:00:06.677;2015-10-07 22:20:38.960
46;NARANJO;7;2015-10-07 22:00:06.707;2015-10-07 22:00:06.707
47;ROSARIO;7;2015-10-07 22:00:06.737;2015-10-07 22:00:06.737
48;SAN_JERONIMO;7;2015-10-07 22:00:06.767;2015-10-07 22:20:38.977
49;SAN_JOSE;7;2015-10-07 22:00:06.783;2015-10-07 22:20:38.990
50;SAN_JUAN;7;2015-10-07 22:00:06.817;2015-10-07 22:20:39.007
51;SAN_MIGUEL;7;2015-10-07 22:00:06.847;2015-10-07 22:20:39.007
52;CEIBA;8;2015-10-07 22:00:06.863;2015-10-07 22:00:06.863
53;COYOLAR;8;2015-10-07 22:00:06.893;2015-10-07 22:00:06.893
54;HACIENDA_VIEJA;8;2015-10-07 22:00:06.927;2015-10-07 22:20:39.037
55;MASTATE;8;2015-10-07 22:00:06.957;2015-10-07 22:00:06.957
56;OROTINA;8;2015-10-07 22:00:06.970;2015-10-07 22:00:06.970
57;BUENOS_AIRES;9;2015-10-07 22:00:07.003;2015-10-07 22:20:39.053
58;CANDELARIA;9;2015-10-07 22:00:07.033;2015-10-07 22:00:07.033
59;ESQUIPULAS;9;2015-10-07 22:00:07.050;2015-10-07 22:00:07.050
60;GRANJA;9;2015-10-07 22:00:07.080;2015-10-07 22:00:07.080
61;PALMARES;9;2015-10-07 22:00:07.113;2015-10-07 22:00:07.113
62;SANTIAGO;9;2015-10-07 22:00:07.127;2015-10-07 22:00:07.127
63;ZARAGOZA;9;2015-10-07 22:00:07.160;2015-10-07 22:00:07.160
64;CARRILLOS;10;2015-10-07 22:00:07.190;2015-10-07 22:00:07.190
65;SABANA_REDONDA;10;2015-10-07 22:00:07.220;2015-10-07 22:20:39.100
66;SAN_JUAN;10;2015-10-07 22:00:07.237;2015-10-07 22:20:39.100
67;SAN_PEDRO;10;2015-10-07 22:00:07.267;2015-10-07 22:20:39.117
68;SAN_RAFAEL;10;2015-10-07 22:00:07.300;2015-10-07 22:20:39.133
69;AGUAS_ZARCAS;11;2015-10-07 22:00:07.317;2015-10-07 22:20:39.133
70;BUENA_VISTA;11;2015-10-07 22:00:07.347;2015-10-07 22:20:39.147
71;CUTRIS;11;2015-10-07 22:00:07.377;2015-10-07 22:00:07.377
72;FLORENCIA;11;2015-10-07 22:00:07.393;2015-10-07 22:00:07.393
73;FORTUNA;11;2015-10-07 22:00:07.427;2015-10-07 22:00:07.427
74;MONTERREY;11;2015-10-07 22:00:07.457;2015-10-07 22:00:07.457
75;PALMERA;11;2015-10-07 22:00:07.487;2015-10-07 22:00:07.487
76;PITAL;11;2015-10-07 22:00:07.503;2015-10-07 22:00:07.503
77;POCOSOL;11;2015-10-07 22:00:07.533;2015-10-07 22:00:07.533
78;QUESADA;11;2015-10-07 22:00:07.567;2015-10-07 22:00:07.567
79;TIGRA;11;2015-10-07 22:00:07.580;2015-10-07 22:00:07.580
80;VENADO;11;2015-10-07 22:00:07.613;2015-10-07 22:00:07.613
81;VENECIA;11;2015-10-07 22:00:07.643;2015-10-07 22:00:07.643
82;DESMONTE;12;2015-10-07 22:00:07.677;2015-10-07 22:00:07.677
83;JESUS_MARIA;12;2015-10-07 22:00:07.690;2015-10-07 22:20:39.210
84;SAN_MATEO;12;2015-10-07 22:00:07.720;2015-10-07 22:20:39.227
85;ALFARO;13;2015-10-07 22:00:07.753;2015-10-07 22:00:07.753
86;ANGELES;13;2015-10-07 22:00:07.767;2015-10-07 22:00:07.767
87;CONCEPCION;13;2015-10-07 22:00:07.800;2015-10-07 22:00:07.800
88;PEÑAS_BLANCAS;13;2015-10-07 22:00:07.830;2015-10-07 22:20:39.240
89;PIEDADES_NORTE;13;2015-10-07 22:00:07.847;2015-10-07 22:20:39.257
90;PIEDADES_SUR;13;2015-10-07 22:00:07.877;2015-10-07 22:20:39.273
91;SAN_ISIDRO;13;2015-10-07 22:00:07.910;2015-10-07 22:20:39.273
92;SAN_JUAN;13;2015-10-07 22:00:07.927;2015-10-07 22:20:39.287
93;SAN_RAFAEL;13;2015-10-07 22:00:07.957;2015-10-07 22:20:39.303
94;SAN_RAMON;13;2015-10-07 22:00:07.987;2015-10-07 22:20:39.303
95;SANTIAGO;13;2015-10-07 22:00:08.017;2015-10-07 22:00:08.017
96;VOLIO;13;2015-10-07 22:00:08.033;2015-10-07 22:00:08.033
97;ZAPOTAL;13;2015-10-07 22:00:08.067;2015-10-07 22:00:08.067
98;AGUAS_CLARAS;14;2015-10-07 22:00:08.097;2015-10-07 22:20:39.337
99;BIJAGUA;14;2015-10-07 22:00:08.113;2015-10-07 22:00:08.113
100;DELICIAS;14;2015-10-07 22:00:08.143;2015-10-07 22:00:08.143
101;DOS_RIOS;14;2015-10-07 22:00:08.177;2015-10-07 22:20:39.350
102;SAN_JOSE;14;2015-10-07 22:00:08.207;2015-10-07 22:20:39.367
103;UPALA;14;2015-10-07 22:00:08.220;2015-10-07 22:00:08.220
104;YOLILLAL;14;2015-10-07 22:00:08.253;2015-10-07 22:00:08.253
105;RODRIGUEZ;15;2015-10-07 22:00:08.283;2015-10-07 22:00:08.283
106;SAN_PEDRO;15;2015-10-07 22:00:08.300;2015-10-07 22:20:39.383
107;SARCHI_NORTE;15;2015-10-07 22:00:08.330;2015-10-07 22:20:39.397
108;SARCHI_SUR;15;2015-10-07 22:00:08.363;2015-10-07 22:20:39.413
109;TORO_AMARILLO;15;2015-10-07 22:00:08.393;2015-10-07 22:20:39.413
110;CAPELLADES;16;2015-10-07 22:00:08.410;2015-10-07 22:00:08.410
111;CERVANTES;16;2015-10-07 22:00:08.440;2015-10-07 22:00:08.440
112;PACAYAS;16;2015-10-07 22:00:08.470;2015-10-07 22:00:08.470
113;AGUACALIENTE;17;2015-10-07 22:00:08.487;2015-10-07 22:00:08.487
114;CARMEN;17;2015-10-07 22:00:08.517;2015-10-07 22:00:08.517
115;CORRALILLO;17;2015-10-07 22:00:08.550;2015-10-07 22:00:08.550
116;DULCE_NOMBRE;17;2015-10-07 22:00:08.567;2015-10-07 22:20:39.460
117;GUADALUPE;17;2015-10-07 22:00:08.597;2015-10-07 22:00:08.597
118;LLANO_GRANDE;17;2015-10-07 22:00:08.627;2015-10-07 22:20:39.477
119;OCCIDENTAL;17;2015-10-07 22:00:08.660;2015-10-07 22:00:08.660
120;ORIENTAL;17;2015-10-07 22:00:08.677;2015-10-07 22:00:08.677
121;QUEBRADILLA;17;2015-10-07 22:00:08.707;2015-10-07 22:00:08.707
122;SAN_NICOLAS;17;2015-10-07 22:00:08.737;2015-10-07 22:20:39.490
123;TIERRA_BLANCA;17;2015-10-07 22:00:08.753;2015-10-07 22:20:39.507
124;PATIO_DE_AGUA;18;2015-10-07 22:00:08.783;2015-10-07 22:20:39.523
125;SAN_ISIDRO;18;2015-10-07 22:00:08.817;2015-10-07 22:20:39.523
126;TEJAR;18;2015-10-07 22:00:08.830;2015-10-07 22:00:08.830
127;TOBOSI;18;2015-10-07 22:00:08.863;2015-10-07 22:00:08.863
128;JUAN_VIÑAS;19;2015-10-07 22:00:08.893;2015-10-07 22:20:39.553
129;PEJIBAYE;19;2015-10-07 22:00:08.910;2015-10-07 22:00:08.910
130;TUCURRIQUE;19;2015-10-07 22:00:08.940;2015-10-07 22:00:08.940
131;CONCEPCION;20;2015-10-07 22:00:08.970;2015-10-07 22:00:08.970
132;DULCE_NOMBRE;20;2015-10-07 22:00:08.987;2015-10-07 22:20:39.570
133;RIO_AZUL;20;2015-10-07 22:00:09.017;2015-10-07 22:20:39.587
134;SAN_DIEGO;20;2015-10-07 22:00:09.050;2015-10-07 22:20:39.587
135;SAN_JUAN;20;2015-10-07 22:00:09.080;2015-10-07 22:20:39.600
136;SAN_RAFAEL;20;2015-10-07 22:00:09.097;2015-10-07 22:20:39.600
137;SAN_RAMON;20;2015-10-07 22:00:09.127;2015-10-07 22:20:39.617
138;TRES_RIOS;20;2015-10-07 22:00:09.160;2015-10-07 22:20:39.633
139;CIPRESES;21;2015-10-07 22:00:09.177;2015-10-07 22:00:09.177
140;COT;21;2015-10-07 22:00:09.207;2015-10-07 22:00:09.207
141;POTRERO_CERRADO;21;2015-10-07 22:00:09.237;2015-10-07 22:20:39.647
142;SAN_RAFAEL;21;2015-10-07 22:00:09.267;2015-10-07 22:20:39.647
143;SANTA_ROSA;21;2015-10-07 22:00:09.283;2015-10-07 22:20:39.663
144;CACHI;22;2015-10-07 22:00:09.317;2015-10-07 22:00:09.317
145;LLANOS_DE_SANTA_LUCIA;22;2015-10-07 22:00:09.347;2015-10-07 22:20:39.680
146;OROSI;22;2015-10-07 22:00:09.363;2015-10-07 22:00:09.363
147;PARAISO;22;2015-10-07 22:00:09.393;2015-10-07 22:00:09.393
148;SANTIAGO;22;2015-10-07 22:00:09.427;2015-10-07 22:00:09.427
149;CHIRRIPO;23;2015-10-07 22:00:09.440;2015-10-07 22:00:09.440
150;LA_ISABEL;23;2015-10-07 22:00:09.470;2015-10-07 22:20:39.693
151;LA_SUIZA;23;2015-10-07 22:00:09.503;2015-10-07 22:20:39.710
152;PAVONES;23;2015-10-07 22:00:09.517;2015-10-07 22:00:09.517
153;PERALTA;23;2015-10-07 22:00:09.550;2015-10-07 22:00:09.550
154;SANTA_CRUZ;23;2015-10-07 22:00:09.580;2015-10-07 22:20:39.727
155;SANTA_ROSA;23;2015-10-07 22:00:09.613;2015-10-07 22:20:39.727
156;SANTA_TERESITA;23;2015-10-07 22:00:09.627;2015-10-07 22:20:39.740
157;TAYUTIC;23;2015-10-07 22:00:09.660;2015-10-07 22:00:09.660
158;TRES_EQUIS;23;2015-10-07 22:00:09.690;2015-10-07 22:20:39.757
159;TUIS;23;2015-10-07 22:00:09.720;2015-10-07 22:00:09.720
160;TURRIALBA;23;2015-10-07 22:00:09.737;2015-10-07 22:00:09.737
161;COLORADO_(CMD);24;2015-10-07 22:00:09.767;2015-10-07 22:20:39.773
162;JUNTAS;24;2015-10-07 22:00:09.800;2015-10-07 22:00:09.800
163;SAN_JUAN;24;2015-10-07 22:00:09.817;2015-10-07 22:20:39.787
164;SIERRA;24;2015-10-07 22:00:09.847;2015-10-07 22:00:09.847
165;BAGACES;25;2015-10-07 22:00:09.877;2015-10-07 22:00:09.877
166;FORTUNA;25;2015-10-07 22:00:09.910;2015-10-07 22:00:09.910
167;MOGOTE;25;2015-10-07 22:00:09.927;2015-10-07 22:00:09.927
168;RIO_NARANJO;25;2015-10-07 22:00:09.957;2015-10-07 22:20:39.803
169;BEBEDERO;26;2015-10-07 22:00:09.987;2015-10-07 22:00:09.987
170;CANAS;26;2015-10-07 22:00:10.017;2015-10-07 22:00:10.017
171;PALMIRA;26;2015-10-07 22:00:10.033;2015-10-07 22:00:10.033
172;POROZAL;26;2015-10-07 22:00:10.067;2015-10-07 22:00:10.067
173;SAN_MIGUEL;26;2015-10-07 22:00:10.097;2015-10-07 22:20:39.837
174;BELEN;27;2015-10-07 22:00:10.127;2015-10-07 22:00:10.127
175;FILADELFIA;27;2015-10-07 22:00:10.143;2015-10-07 22:00:10.143
176;PALMIRA;27;2015-10-07 22:00:10.177;2015-10-07 22:00:10.177
177;SARDINAL;27;2015-10-07 22:00:10.207;2015-10-07 22:00:10.207
178;HOJANCHA;28;2015-10-07 22:00:10.237;2015-10-07 22:00:10.237
179;HUACAS;28;2015-10-07 22:00:10.253;2015-10-07 22:00:10.253
180;MONTE_ROMO;28;2015-10-07 22:00:10.283;2015-10-07 22:20:39.867
181;PUERTO_CARRILLO;28;2015-10-07 22:00:10.317;2015-10-07 22:20:39.867
182;LA_CRUZ;29;2015-10-07 22:00:10.330;2015-10-07 22:20:39.883
183;LA_GARITA;29;2015-10-07 22:00:10.363;2015-10-07 22:20:39.897
184;SANTA_CECILIA;29;2015-10-07 22:00:10.393;2015-10-07 22:20:39.913
185;SANTA_ELENA;29;2015-10-07 22:00:10.427;2015-10-07 22:20:39.930
186;CANAS_DULCES;30;2015-10-07 22:00:10.440;2015-10-07 22:20:39.930
187;CURUBANDE;30;2015-10-07 22:00:10.470;2015-10-07 22:00:10.470
188;LIBERIA;30;2015-10-07 22:00:10.503;2015-10-07 22:00:10.503
189;MAYORGA;30;2015-10-07 22:00:10.533;2015-10-07 22:00:10.533
190;NACASCOLO;30;2015-10-07 22:00:10.550;2015-10-07 22:00:10.550
191;SARDINAL;30;2015-10-07 22:00:10.580;2015-10-07 22:00:10.580
192;BEJUCO;31;2015-10-07 22:00:10.627;2015-10-07 22:00:10.627
193;CARMONA;31;2015-10-07 22:00:10.643;2015-10-07 22:00:10.643
194;PORVENIR;31;2015-10-07 22:00:10.677;2015-10-07 22:00:10.677
195;SAN_PABLO;31;2015-10-07 22:00:10.707;2015-10-07 22:20:39.977
196;SANTA_RITA;31;2015-10-07 22:00:10.737;2015-10-07 22:20:39.977
197;ZAPOTAL;31;2015-10-07 22:00:10.767;2015-10-07 22:00:10.767
198;BELEN_DE_NOSARITA;32;2015-10-07 22:00:10.783;2015-10-07 22:20:39.990
199;MANSION;32;2015-10-07 22:00:10.817;2015-10-07 22:00:10.817
200;NICOYA;32;2015-10-07 22:00:10.847;2015-10-07 22:00:10.847
201;NOSARA;32;2015-10-07 22:00:10.863;2015-10-07 22:00:10.863
202;QUEBRADA_HONDA;32;2015-10-07 22:00:10.893;2015-10-07 22:20:40.023
203;SAMARA;32;2015-10-07 22:00:10.927;2015-10-07 22:00:10.927
204;SAN_ANTONIO;32;2015-10-07 22:00:10.957;2015-10-07 22:20:40.023
205;BOLSON;33;2015-10-07 22:00:10.970;2015-10-07 22:00:10.970
206;CABO_VELAS;33;2015-10-07 22:00:11.003;2015-10-07 22:20:40.037
207;CARTAGENA;33;2015-10-07 22:00:11.033;2015-10-07 22:00:11.033
208;CUAJINIQUIL;33;2015-10-07 22:00:11.050;2015-10-07 22:00:11.050
209;DIRIA;33;2015-10-07 22:00:11.080;2015-10-07 22:00:11.080
210;SANTA_CRUZ;33;2015-10-07 22:00:11.127;2015-10-07 22:20:40.053
211;TAMARINDO;33;2015-10-07 22:00:11.143;2015-10-07 22:00:11.143
212;TEMPATE;33;2015-10-07 22:00:11.177;2015-10-07 22:00:11.177
213;VEINTISIETE_DE_ABRIL;33;2015-10-07 22:00:11.207;2015-10-07 22:20:40.087
214;ARENAL;34;2015-10-07 22:00:11.237;2015-10-07 22:00:11.237
215;LIBANO;34;2015-10-07 22:00:11.267;2015-10-07 22:00:11.267
216;QUEBRADA_GRANDE;34;2015-10-07 22:00:11.283;2015-10-07 22:20:40.100
217;SANTA_ROSA;34;2015-10-07 22:00:11.317;2015-10-07 22:20:40.100
218;TIERRAS_MORENAS;34;2015-10-07 22:00:11.347;2015-10-07 22:20:40.117
219;TILARAN;34;2015-10-07 22:00:11.363;2015-10-07 22:00:11.363
220;TRONADORA;34;2015-10-07 22:00:11.393;2015-10-07 22:00:11.393
221;BARVA;35;2015-10-07 22:00:11.427;2015-10-07 22:00:11.427
222;SAN_JOSE_DE_LA_MONTANA;35;2015-10-07 22:00:11.457;2015-10-07 22:20:40.133
223;SAN_PABLO;35;2015-10-07 22:00:11.517;2015-10-07 22:20:40.147
224;SAN_PEDRO;35;2015-10-07 22:00:11.550;2015-10-07 22:20:40.147
225;SAN_ROQUE;35;2015-10-07 22:00:11.567;2015-10-07 22:20:40.163
226;SANTA_LUCIA;35;2015-10-07 22:00:11.597;2015-10-07 22:20:40.163
227;ASUNCION;36;2015-10-07 22:00:11.627;2015-10-07 22:00:11.627
228;LA_RIBERA;36;2015-10-07 22:00:11.660;2015-10-07 22:20:40.180
229;SAN_ANTONIO;36;2015-10-07 22:00:11.690;2015-10-07 22:20:40.193
230;BARRANTES;37;2015-10-07 22:00:11.707;2015-10-07 22:00:11.707
231;LLORENTE;37;2015-10-07 22:00:11.737;2015-10-07 22:00:11.737
232;SAN_JOAQUIN;37;2015-10-07 22:00:11.767;2015-10-07 22:20:40.210
233;HEREDIA;38;2015-10-07 22:00:11.783;2015-10-07 22:00:11.783
234;MERCEDES;38;2015-10-07 22:00:11.817;2015-10-07 22:00:11.817
235;SAN_FRANCISCO;38;2015-10-07 22:00:11.847;2015-10-07 22:20:40.227
236;ULLOA;38;2015-10-07 22:00:11.877;2015-10-07 22:00:11.877
237;VARABLANCA;38;2015-10-07 22:00:11.893;2015-10-07 22:00:11.893
238;CONCEPCION;39;2015-10-07 22:00:11.927;2015-10-07 22:00:11.927
239;SAN_FRANCISCO;39;2015-10-07 22:00:11.957;2015-10-07 22:20:40.240
240;SAN_ISIDRO;39;2015-10-07 22:00:11.970;2015-10-07 22:20:40.257
241;SAN_JOSE;39;2015-10-07 22:00:12.033;2015-10-07 22:20:40.257
242;SAN_PABLO;40;2015-10-07 22:00:12.067;2015-10-07 22:20:40.273
243;ANGELES;41;2015-10-07 22:00:12.097;2015-10-07 22:00:12.097
244;CONCEPCION;41;2015-10-07 22:00:12.113;2015-10-07 22:00:12.113
245;SAN_JOSECITO;41;2015-10-07 22:00:12.143;2015-10-07 22:20:40.287
246;SAN_RAFAEL;41;2015-10-07 22:00:12.177;2015-10-07 22:20:40.303
247;SANTIAGO;41;2015-10-07 22:00:12.190;2015-10-07 22:00:12.190
248;JESUS;42;2015-10-07 22:00:12.220;2015-10-07 22:00:12.220
249;PURABA;42;2015-10-07 22:00:12.253;2015-10-07 22:00:12.253
250;SAN_JUAN;42;2015-10-07 22:00:12.283;2015-10-07 22:20:40.320
251;SAN_PEDRO;42;2015-10-07 22:00:12.300;2015-10-07 22:20:40.337
252;SANTA_BARBARA;42;2015-10-07 22:00:12.330;2015-10-07 22:20:40.337
253;SANTO_DOMINGO;42;2015-10-07 22:00:12.363;2015-10-07 22:20:40.350
254;PARA;43;2015-10-07 22:00:12.377;2015-10-07 22:00:12.377
255;PARACITO;43;2015-10-07 22:00:12.410;2015-10-07 22:00:12.410
256;SAN_MIGUEL;43;2015-10-07 22:00:12.440;2015-10-07 22:20:40.367
257;SAN_VICENTE;43;2015-10-07 22:00:12.457;2015-10-07 22:20:40.367
258;SANTA_ROSA;43;2015-10-07 22:00:12.487;2015-10-07 22:20:40.383
259;SANTO_DOMINGO;43;2015-10-07 22:00:12.517;2015-10-07 22:20:40.397
260;SANTO_TOMAS;43;2015-10-07 22:00:12.550;2015-10-07 22:20:40.397
261;TURES;43;2015-10-07 22:00:12.567;2015-10-07 22:00:12.567
262;CURENA;44;2015-10-07 22:00:12.597;2015-10-07 22:00:12.597
263;HORQUETAS;44;2015-10-07 22:00:12.627;2015-10-07 22:00:12.627
264;LA_VIRGEN;44;2015-10-07 22:00:12.643;2015-10-07 22:20:40.413
265;LLANURAS_DEL_GASPAR;44;2015-10-07 22:00:12.677;2015-10-07 22:20:40.430
266;PUERTO_VIEJO;44;2015-10-07 22:00:12.707;2015-10-07 22:20:40.443
267;DUACARI;45;2015-10-07 22:00:12.737;2015-10-07 22:00:12.737
268;GUACIMO;45;2015-10-07 22:00:12.767;2015-10-07 22:00:12.767
269;MERCEDES;45;2015-10-07 22:00:12.800;2015-10-07 22:00:12.800
270;POCORA;45;2015-10-07 22:00:12.817;2015-10-07 22:00:12.817
271;RIO_JIMENEZ;45;2015-10-07 22:00:12.847;2015-10-07 22:20:40.460
272;LIMON;46;2015-10-07 22:00:12.877;2015-10-07 22:00:12.877
273;MATAMA;46;2015-10-07 22:00:12.893;2015-10-07 22:00:12.893
274;RIO_BLANCO;46;2015-10-07 22:00:12.927;2015-10-07 22:20:40.477
275;VALLE_DE_LA_ESTRELLA;46;2015-10-07 22:00:12.957;2015-10-07 22:20:40.490
276;BATAN;47;2015-10-07 22:00:12.987;2015-10-07 22:00:12.987
277;CARRANDI;47;2015-10-07 22:00:13.003;2015-10-07 22:00:13.003
278;MATINA;47;2015-10-07 22:00:13.033;2015-10-07 22:00:13.033
279;CARIARI;48;2015-10-07 22:00:13.067;2015-10-07 22:00:13.067
280;COLORADO;48;2015-10-07 22:00:13.080;2015-10-07 22:00:13.080
281;GUAPILES;48;2015-10-07 22:00:13.113;2015-10-07 22:00:13.113
282;JIMENEZ;48;2015-10-07 22:00:13.143;2015-10-07 22:00:13.143
283;RITA;48;2015-10-07 22:00:13.160;2015-10-07 22:00:13.160
284;ROXANA;48;2015-10-07 22:00:13.190;2015-10-07 22:00:13.190
285;ALEGRIA;49;2015-10-07 22:00:13.220;2015-10-07 22:00:13.220
286;CAIRO;49;2015-10-07 22:00:13.253;2015-10-07 22:00:13.253
287;FLORIDA;49;2015-10-07 22:00:13.267;2015-10-07 22:00:13.267
288;GERMANIA;49;2015-10-07 22:00:13.300;2015-10-07 22:00:13.300
289;PACUARITO;49;2015-10-07 22:00:13.330;2015-10-07 22:00:13.330
290;SIQUIRRES;49;2015-10-07 22:00:13.363;2015-10-07 22:00:13.363
291;BRATSI;50;2015-10-07 22:00:13.377;2015-10-07 22:00:13.377
292;CAHUITA;50;2015-10-07 22:00:13.410;2015-10-07 22:00:13.410
293;SIXAOLA;50;2015-10-07 22:00:13.440;2015-10-07 22:00:13.440
294;TELIRE;50;2015-10-07 22:00:13.470;2015-10-07 22:00:13.470
295;NARANJITO;51;2015-10-07 22:00:13.487;2015-10-07 22:00:13.487
296;QUEPOS;51;2015-10-07 22:00:13.517;2015-10-07 22:00:13.517
297;SAVEGRE;51;2015-10-07 22:00:13.550;2015-10-07 22:00:13.550
298;BIOLLEY;52;2015-10-07 22:00:13.580;2015-10-07 22:00:13.580
299;BORUCA;52;2015-10-07 22:00:13.597;2015-10-07 22:00:13.597
300;BRUNKA;52;2015-10-07 22:00:13.627;2015-10-07 22:00:13.627
301;BUENOS_AIRES;52;2015-10-07 22:00:13.660;2015-10-07 22:20:40.600
302;CHANGUENA;52;2015-10-07 22:00:13.690;2015-10-07 22:00:13.690
303;COLINAS;52;2015-10-07 22:00:13.707;2015-10-07 22:00:13.707
304;PILAS;52;2015-10-07 22:00:13.737;2015-10-07 22:00:13.737
305;POTRERO_GRANDE;52;2015-10-07 22:00:13.767;2015-10-07 22:20:40.617
306;VOLCAN;52;2015-10-07 22:00:13.800;2015-10-07 22:00:13.800
307;CANOAS;53;2015-10-07 22:00:13.817;2015-10-07 22:00:13.817
308;CORREDOR;53;2015-10-07 22:00:13.847;2015-10-07 22:00:13.847
309;LA_CUESTA;53;2015-10-07 22:00:13.877;2015-10-07 22:20:40.633
310;LAUREL;53;2015-10-07 22:00:13.910;2015-10-07 22:00:13.910
311;AGUABUENA;54;2015-10-07 22:00:13.927;2015-10-07 22:00:13.927
312;LIMONCITO;54;2015-10-07 22:00:13.957;2015-10-07 22:00:13.957
313;PITTIER;54;2015-10-07 22:00:13.987;2015-10-07 22:00:13.987
314;SABALITO;54;2015-10-07 22:00:14.017;2015-10-07 22:00:14.017
315;SAN_VITO;54;2015-10-07 22:00:14.050;2015-10-07 22:20:40.663
316;ESPIRITU_SANTO;55;2015-10-07 22:00:14.113;2015-10-07 22:20:40.680
317;MACACONA;55;2015-10-07 22:00:14.143;2015-10-07 22:00:14.143
318;SAN_JERONIMO;55;2015-10-07 22:00:14.160;2015-10-07 22:20:40.693
319;SAN_JUAN_GRANDE;55;2015-10-07 22:00:14.190;2015-10-07 22:20:40.693
320;SAN_RAFAEL;55;2015-10-07 22:00:14.220;2015-10-07 22:20:40.710
321;JACO;56;2015-10-07 22:00:14.253;2015-10-07 22:00:14.253
322;TARCOLES;56;2015-10-07 22:00:14.267;2015-10-07 22:00:14.267
323;GOLFITO;57;2015-10-07 22:00:14.300;2015-10-07 22:00:14.300
324;GUAYCARA;57;2015-10-07 22:00:14.330;2015-10-07 22:00:14.330
325;PAVON;57;2015-10-07 22:00:14.347;2015-10-07 22:00:14.347
326;PUERTO_JIMENEZ;57;2015-10-07 22:00:14.377;2015-10-07 22:20:40.740
327;MIRAMAR;58;2015-10-07 22:00:14.410;2015-10-07 22:00:14.410
328;SAN_ISIDRO;58;2015-10-07 22:00:14.427;2015-10-07 22:20:40.757
329;UNION;58;2015-10-07 22:00:14.457;2015-10-07 22:00:14.457
330;BAHIA_BALLENA;59;2015-10-07 22:00:14.487;2015-10-07 22:20:40.757
331;PALMAR;59;2015-10-07 22:00:14.517;2015-10-07 22:00:14.517
332;PIEDRAS_BLANCAS;59;2015-10-07 22:00:14.533;2015-10-07 22:20:40.773
333;PUERTO_CORTES;59;2015-10-07 22:00:14.567;2015-10-07 22:20:40.787
334;SIERPE;59;2015-10-07 22:00:14.597;2015-10-07 22:00:14.597
335;PARRITA;60;2015-10-07 22:00:14.627;2015-10-07 22:00:14.627
336;ACAPULCO;61;2015-10-07 22:00:14.643;2015-10-07 22:00:14.643
337;ARANCIBIA;61;2015-10-07 22:00:14.677;2015-10-07 22:00:14.677
338;BARRANCA;61;2015-10-07 22:00:14.707;2015-10-07 22:00:14.707
339;CHACARITA;61;2015-10-07 22:00:14.737;2015-10-07 22:00:14.737
340;CHIRA;61;2015-10-07 22:00:14.767;2015-10-07 22:00:14.767
341;CHOMES;61;2015-10-07 22:00:14.783;2015-10-07 22:00:14.783
342;COBANO;61;2015-10-07 22:00:14.817;2015-10-07 22:00:14.817
343;EL_ROBLE;61;2015-10-07 22:00:14.847;2015-10-07 22:20:40.837
344;GUACIMAL;61;2015-10-07 22:00:14.877;2015-10-07 22:00:14.877
345;ISLA_DEL_COCO;61;2015-10-07 22:00:14.893;2015-10-07 22:20:40.850
346;LEPANTO;61;2015-10-07 22:00:14.927;2015-10-07 22:00:14.927
347;MANZANILLO;61;2015-10-07 22:00:14.957;2015-10-07 22:00:14.957
348;MONTE_VERDE;61;2015-10-07 22:00:14.987;2015-10-07 22:20:40.867
349;PAQUERA;61;2015-10-07 22:00:15.003;2015-10-07 22:00:15.003
350;PITAHAYA;61;2015-10-07 22:00:15.033;2015-10-07 22:00:15.033
351;PUNTARENAS;61;2015-10-07 22:00:15.067;2015-10-07 22:00:15.067
352;CANGREJAL;62;2015-10-07 22:00:15.097;2015-10-07 22:00:15.097
353;GUAITIL;62;2015-10-07 22:00:15.127;2015-10-07 22:00:15.127
354;PALMICHAL;62;2015-10-07 22:00:15.143;2015-10-07 22:00:15.143
355;SABANILLAS;62;2015-10-07 22:00:15.177;2015-10-07 22:00:15.177
356;SAN_IGNACIO;62;2015-10-07 22:00:15.207;2015-10-07 22:20:40.897
357;ALAJUELITA;63;2015-10-07 22:00:15.237;2015-10-07 22:00:15.237
358;CONCEPCION;63;2015-10-07 22:00:15.253;2015-10-07 22:00:15.253
359;SAN_ANTONIO;63;2015-10-07 22:00:15.283;2015-10-07 22:20:40.913
360;SAN_FELIPE;63;2015-10-07 22:00:15.317;2015-10-07 22:20:40.930
361;SAN_JOCESITO;63;2015-10-07 22:00:15.347;2015-10-07 22:20:40.930
362;ASERRI;64;2015-10-07 22:00:15.363;2015-10-07 22:00:15.363
363;LEGUA;64;2015-10-07 22:00:15.393;2015-10-07 22:00:15.393
364;MONTERREY;64;2015-10-07 22:00:15.427;2015-10-07 22:00:15.427
365;SALITRILLOS;64;2015-10-07 22:00:15.440;2015-10-07 22:00:15.440
366;SAN_GABRIEL;64;2015-10-07 22:00:15.470;2015-10-07 22:20:40.960
367;TARBACA;64;2015-10-07 22:00:15.503;2015-10-07 22:00:15.503
368;VUELTA_DE_JORCO;64;2015-10-07 22:00:15.533;2015-10-07 22:20:40.960
369;CURRIDABAT;65;2015-10-07 22:00:15.550;2015-10-07 22:00:15.550
370;GRANADILLA;65;2015-10-07 22:00:15.580;2015-10-07 22:00:15.580
371;SANCHEZ;65;2015-10-07 22:00:15.613;2015-10-07 22:00:15.613
372;TIRRASES;65;2015-10-07 22:00:15.627;2015-10-07 22:00:15.627
373;DAMAS;66;2015-10-07 22:00:15.660;2015-10-07 22:00:15.660
374;DESAMPARADOS;66;2015-10-07 22:00:15.690;2015-10-07 22:00:15.690
375;FRAILES;66;2015-10-07 22:00:15.720;2015-10-07 22:00:15.720
376;GRAVILIAS;66;2015-10-07 22:00:15.737;2015-10-07 22:00:15.737
377;LOS_GUIDO;66;2015-10-07 22:00:15.767;2015-10-07 22:20:41.007
378;PATARRA;66;2015-10-07 22:00:15.800;2015-10-07 22:00:15.800
379;ROSARIO;66;2015-10-07 22:00:15.830;2015-10-07 22:00:15.830
380;SAN_ANTONIO;66;2015-10-07 22:00:15.847;2015-10-07 22:20:41.023
381;SAN_CRISTOBAL;66;2015-10-07 22:00:15.877;2015-10-07 22:20:41.037
382;SAN_JUAN_DE_DIOS;66;2015-10-07 22:00:15.910;2015-10-07 22:20:41.037
383;SAN_MIGUEL;66;2015-10-07 22:00:15.927;2015-10-07 22:20:41.053
384;SAN_RAFAEL_ABAJO;66;2015-10-07 22:00:15.957;2015-10-07 22:20:41.053
385;SAN_RAFAEL_ARRIBA;66;2015-10-07 22:00:15.987;2015-10-07 22:20:41.070
386;COPEY;67;2015-10-07 22:00:16.017;2015-10-07 22:00:16.017
387;SAN_PEDRO_(JARDIN);67;2015-10-07 22:00:16.033;2015-10-07 22:20:41.087
388;SANTA_MARIA;67;2015-10-07 22:00:16.067;2015-10-07 22:20:41.087
389;ESCAZU;68;2015-10-07 22:00:16.097;2015-10-07 22:00:16.097
390;SAN_ANTONIO;68;2015-10-07 22:00:16.113;2015-10-07 22:20:41.100
391;SAN_RAFAEL;68;2015-10-07 22:00:16.143;2015-10-07 22:20:41.117
392;CALLE_BLANCOS;69;2015-10-07 22:00:16.177;2015-10-07 22:20:41.117
393;GUADALUPE;69;2015-10-07 22:00:16.207;2015-10-07 22:00:16.207
394;IPIS;69;2015-10-07 22:00:16.220;2015-10-07 22:00:16.220
395;MATA_DE_PLATANO;69;2015-10-07 22:00:16.253;2015-10-07 22:20:41.147
396;PURRAL;69;2015-10-07 22:00:16.283;2015-10-07 22:00:16.283
397;RANCHO_REDONDO;69;2015-10-07 22:00:16.300;2015-10-07 22:20:41.147
398;SAN_FRANCISCO;69;2015-10-07 22:00:16.330;2015-10-07 22:20:41.163
399;LLANO_BONITO;70;2015-10-07 22:00:16.363;2015-10-07 22:20:41.163
400;SAN_ANDRES;70;2015-10-07 22:00:16.393;2015-10-07 22:20:41.180
401;SAN_ANTONIO;70;2015-10-07 22:00:16.410;2015-10-07 22:20:41.193
402;SAN_ISIDRO;70;2015-10-07 22:00:16.440;2015-10-07 22:20:41.193
403;SAN_PABLO;70;2015-10-07 22:00:16.470;2015-10-07 22:20:41.227
404;SANTA_CRUZ;70;2015-10-07 22:00:16.487;2015-10-07 22:20:41.240
405;MERCEDES;71;2015-10-07 22:00:16.517;2015-10-07 22:00:16.517
406;SABANILLA;71;2015-10-07 22:00:16.550;2015-10-07 22:00:16.550
407;SAN_PEDRO;71;2015-10-07 22:00:16.567;2015-10-07 22:20:41.257
408;SAN_RAFAEL;71;2015-10-07 22:00:16.597;2015-10-07 22:20:41.273
409;COLON;72;2015-10-07 22:00:16.627;2015-10-07 22:00:16.627
410;GUAYABO;72;2015-10-07 22:00:16.643;2015-10-07 22:00:16.643
411;PICAGRES;72;2015-10-07 22:00:16.677;2015-10-07 22:00:16.677
412;PIEDRAS_NEGRAS;72;2015-10-07 22:00:16.707;2015-10-07 22:20:41.287
413;TABARCIA;72;2015-10-07 22:00:16.737;2015-10-07 22:00:16.737
414;SAN_JERONIMO;73;2015-10-07 22:00:16.753;2015-10-07 22:20:41.303
415;SAN_VICENTE;73;2015-10-07 22:00:16.783;2015-10-07 22:20:41.303
416;TRINIDAD;73;2015-10-07 22:00:16.817;2015-10-07 22:00:16.817
417;BARU;74;2015-10-07 22:00:16.847;2015-10-07 22:00:16.847
418;CAJON;74;2015-10-07 22:00:16.863;2015-10-07 22:00:16.863
419;DANIEL_FLORES;74;2015-10-07 22:00:16.893;2015-10-07 22:20:41.337
420;GENERAL;74;2015-10-07 22:00:16.927;2015-10-07 22:00:16.927
421;PARAMO;74;2015-10-07 22:00:16.940;2015-10-07 22:00:16.940
422;PEJIBAYE;74;2015-10-07 22:00:16.970;2015-10-07 22:00:16.970
423;PLATANARES;74;2015-10-07 22:00:17.003;2015-10-07 22:00:17.003
424;RIO_NUEVO;74;2015-10-07 22:00:17.017;2015-10-07 22:20:41.350
425;RIVAS;74;2015-10-07 22:00:17.050;2015-10-07 22:00:17.050
426;SAN_ISIDRO_DEL_GENERAL;74;2015-10-07 22:00:17.080;2015-10-07 22:20:41.367
427;SAN_PEDRO;74;2015-10-07 22:00:17.113;2015-10-07 22:20:41.383
428;BARBACOAS;75;2015-10-07 22:00:17.127;2015-10-07 22:00:17.127
429;CANDELARITA;75;2015-10-07 22:00:17.160;2015-10-07 22:00:17.160
430;CHIRES;75;2015-10-07 22:00:17.190;2015-10-07 22:00:17.190
431;DESAMPARADITOS;75;2015-10-07 22:00:17.220;2015-10-07 22:00:17.220
432;GRIFO_ALTO;75;2015-10-07 22:00:17.237;2015-10-07 22:20:41.397
433;MERCEDES_SUR;75;2015-10-07 22:00:17.267;2015-10-07 22:20:41.413
434;SAN_ANTONIO;75;2015-10-07 22:00:17.300;2015-10-07 22:20:41.413
435;SAN_RAFAEL;75;2015-10-07 22:00:17.330;2015-10-07 22:20:41.430
436;SANTIAGO;75;2015-10-07 22:00:17.347;2015-10-07 22:00:17.347
437;CARMEN;76;2015-10-07 22:00:17.377;2015-10-07 22:00:17.377
438;CATEDRAL;76;2015-10-07 22:00:17.410;2015-10-07 22:00:17.410
439;HATILLO;76;2015-10-07 22:00:17.440;2015-10-07 22:00:17.440
440;HOSPITAL;76;2015-10-07 22:00:17.457;2015-10-07 22:00:17.457
441;MATA_REDONDA;76;2015-10-07 22:00:17.487;2015-10-07 22:20:41.460
442;MERCED;76;2015-10-07 22:00:17.517;2015-10-07 22:00:17.517
443;PAVAS;76;2015-10-07 22:00:17.533;2015-10-07 22:00:17.533
444;SAN_FCO._DE_DOS_RIOS;76;2015-10-07 22:00:17.567;2015-10-07 22:20:41.477
445;SAN_SEBASTIAN;76;2015-10-07 22:00:17.597;2015-10-07 22:20:41.477
446;URUCA;76;2015-10-07 22:00:17.627;2015-10-07 22:00:17.627
447;ZAPOTE;76;2015-10-07 22:00:17.660;2015-10-07 22:00:17.660
448;BRASIL;77;2015-10-07 22:00:17.677;2015-10-07 22:00:17.677
449;PIEDADES;77;2015-10-07 22:00:17.707;2015-10-07 22:00:17.707
450;POZOS;77;2015-10-07 22:00:17.737;2015-10-07 22:00:17.737
451;SALITRAL;77;2015-10-07 22:00:17.783;2015-10-07 22:00:17.783
452;SANTA_ANA;77;2015-10-07 22:00:17.817;2015-10-07 22:20:41.507
453;URUCA;77;2015-10-07 22:00:17.830;2015-10-07 22:00:17.830
454;SAN_CARLOS;78;2015-10-07 22:00:17.863;2015-10-07 22:20:41.523
455;SAN_LORENZO;78;2015-10-07 22:00:17.893;2015-10-07 22:20:41.537
456;SAN_MARCOS;78;2015-10-07 22:00:17.910;2015-10-07 22:20:41.537
457;ANSELMO_LLORENTE;79;2015-10-07 22:00:17.940;2015-10-07 22:20:41.553
458;CINCO_ESQUINAS;79;2015-10-07 22:00:17.970;2015-10-07 22:20:41.570
459;COLIMA;79;2015-10-07 22:00:17.987;2015-10-07 22:00:17.987
460;LEON_XIII;79;2015-10-07 22:00:18.017;2015-10-07 22:20:41.570
461;SAN_JUAN;79;2015-10-07 22:00:18.050;2015-10-07 22:20:41.587
462;CARARA;80;2015-10-07 22:00:18.067;2015-10-07 22:00:18.067
463;SAN_JUAN_DE_MATA;80;2015-10-07 22:00:18.097;2015-10-07 22:20:41.600
464;SAN_LUIS;80;2015-10-07 22:00:18.127;2015-10-07 22:20:41.600
465;SAN_PABLO;80;2015-10-07 22:00:18.160;2015-10-07 22:20:41.617
466;SAN_PEDRO;80;2015-10-07 22:00:18.177;2015-10-07 22:20:41.617
467;CASCAJAL;81;2015-10-07 22:00:18.207;2015-10-07 22:00:18.207
468;DULCE_NOMBRE_DE_JESUS;81;2015-10-07 22:00:18.237;2015-10-07 22:20:41.633
469;PATALILLO;81;2015-10-07 22:00:18.267;2015-10-07 22:00:18.267
470;SAN_ISIDRO;81;2015-10-07 22:00:18.283;2015-10-07 22:20:41.647
471;SAN_RAFAEL;81;2015-10-07 22:00:18.317;2015-10-07 22:20:41.663
472;.Distrito no indicado;1;2015-11-08 14:45:07.807;2015-11-08 14:45:07.807
473;.Distrito no indicado;2;2015-11-08 14:45:07.837;2015-11-08 14:45:07.837
474;.Distrito no indicado;3;2015-11-08 14:45:07.853;2015-11-08 14:45:07.853
475;.Distrito no indicado;4;2015-11-08 14:45:07.867;2015-11-08 14:45:07.867
476;.Distrito no indicado;5;2015-11-08 14:45:07.883;2015-11-08 14:45:07.883
477;.Distrito no indicado;6;2015-11-08 14:45:07.913;2015-11-08 14:45:07.913
478;.Distrito no indicado;7;2015-11-08 14:45:07.930;2015-11-08 14:45:07.930
479;.Distrito no indicado;8;2015-11-08 14:45:07.930;2015-11-08 14:45:07.930
480;.Distrito no indicado;9;2015-11-08 14:45:07.947;2015-11-08 14:45:07.947
481;.Distrito no indicado;10;2015-11-08 14:45:07.960;2015-11-08 14:45:07.960
482;.Distrito no indicado;11;2015-11-08 14:45:07.977;2015-11-08 14:45:07.977
483;.Distrito no indicado;12;2015-11-08 14:45:07.993;2015-11-08 14:45:07.993
484;.Distrito no indicado;13;2015-11-08 14:45:08.007;2015-11-08 14:45:08.007
485;.Distrito no indicado;14;2015-11-08 14:45:08.007;2015-11-08 14:45:08.007
486;.Distrito no indicado;15;2015-11-08 14:45:08.023;2015-11-08 14:45:08.023
487;.Distrito no indicado;82;2015-11-08 14:45:08.040;2015-11-08 14:45:08.040
488;.Distrito no indicado;16;2015-11-08 14:45:08.070;2015-11-08 14:45:08.070
489;.Distrito no indicado;17;2015-11-08 14:45:08.070;2015-11-08 14:45:08.070
490;.Distrito no indicado;18;2015-11-08 14:45:08.087;2015-11-08 14:45:08.087
491;.Distrito no indicado;19;2015-11-08 14:45:08.103;2015-11-08 14:45:08.103
492;.Distrito no indicado;20;2015-11-08 14:45:08.117;2015-11-08 14:45:08.117
493;.Distrito no indicado;21;2015-11-08 14:45:08.117;2015-11-08 14:45:08.117
494;.Distrito no indicado;22;2015-11-08 14:45:08.133;2015-11-08 14:45:08.133
495;.Distrito no indicado;23;2015-11-08 14:45:08.150;2015-11-08 14:45:08.150
496;.Distrito no indicado;83;2015-11-08 14:45:08.150;2015-11-08 14:45:08.150
497;.Distrito no indicado;24;2015-11-08 14:45:08.197;2015-11-08 14:45:08.197
498;.Distrito no indicado;25;2015-11-08 14:45:08.210;2015-11-08 14:45:08.210
499;.Distrito no indicado;26;2015-11-08 14:45:08.210;2015-11-08 14:45:08.210
500;.Distrito no indicado;27;2015-11-08 14:45:08.227;2015-11-08 14:45:08.227
501;.Distrito no indicado;28;2015-11-08 14:45:08.243;2015-11-08 14:45:08.243
502;.Distrito no indicado;29;2015-11-08 14:45:08.257;2015-11-08 14:45:08.257
503;.Distrito no indicado;30;2015-11-08 14:45:08.273;2015-11-08 14:45:08.273
504;.Distrito no indicado;31;2015-11-08 14:45:08.273;2015-11-08 14:45:08.273
505;.Distrito no indicado;32;2015-11-08 14:45:08.290;2015-11-08 14:45:08.290
506;.Distrito no indicado;33;2015-11-08 14:45:08.307;2015-11-08 14:45:08.307
507;.Distrito no indicado;34;2015-11-08 14:45:08.307;2015-11-08 14:45:08.307
508;.Distrito no indicado;84;2015-11-08 14:45:08.320;2015-11-08 14:45:08.320
509;.Distrito no indicado;35;2015-11-08 14:45:08.353;2015-11-08 14:45:08.353
510;.Distrito no indicado;36;2015-11-08 14:45:08.367;2015-11-08 14:45:08.367
511;.Distrito no indicado;37;2015-11-08 14:45:08.367;2015-11-08 14:45:08.367
512;.Distrito no indicado;38;2015-11-08 14:45:08.383;2015-11-08 14:45:08.383
513;.Distrito no indicado;39;2015-11-08 14:45:08.400;2015-11-08 14:45:08.400
514;.Distrito no indicado;40;2015-11-08 14:45:08.413;2015-11-08 14:45:08.413
515;.Distrito no indicado;41;2015-11-08 14:45:08.430;2015-11-08 14:45:08.430
516;.Distrito no indicado;42;2015-11-08 14:45:08.447;2015-11-08 14:45:08.447
517;.Distrito no indicado;43;2015-11-08 14:45:08.447;2015-11-08 14:45:08.447
518;.Distrito no indicado;44;2015-11-08 14:45:08.460;2015-11-08 14:45:08.460
519;.Distrito no indicado;85;2015-11-08 14:45:08.477;2015-11-08 14:45:08.477
520;.Distrito no indicado;45;2015-11-08 14:45:08.493;2015-11-08 14:45:08.493
521;.Distrito no indicado;46;2015-11-08 14:45:08.507;2015-11-08 14:45:08.507
522;.Distrito no indicado;47;2015-11-08 14:45:08.523;2015-11-08 14:45:08.523
523;.Distrito no indicado;48;2015-11-08 14:45:08.540;2015-11-08 14:45:08.540
524;.Distrito no indicado;49;2015-11-08 14:45:08.540;2015-11-08 14:45:08.540
525;.Distrito no indicado;50;2015-11-08 14:45:08.557;2015-11-08 14:45:08.557
526;.Distrito no indicado;86;2015-11-08 14:45:08.570;2015-11-08 14:45:08.570
527;.Distrito no indicado;51;2015-11-08 14:45:08.587;2015-11-08 14:45:08.587
528;.Distrito no indicado;52;2015-11-08 14:45:08.603;2015-11-08 14:45:08.603
529;.Distrito no indicado;53;2015-11-08 14:45:08.617;2015-11-08 14:45:08.617
530;.Distrito no indicado;54;2015-11-08 14:45:08.633;2015-11-08 14:45:08.633
531;.Distrito no indicado;55;2015-11-08 14:45:08.633;2015-11-08 14:45:08.633
532;.Distrito no indicado;56;2015-11-08 14:45:08.650;2015-11-08 14:45:08.650
533;.Distrito no indicado;57;2015-11-08 14:45:08.663;2015-11-08 14:45:08.663
534;.Distrito no indicado;58;2015-11-08 14:45:08.663;2015-11-08 14:45:08.663
535;.Distrito no indicado;59;2015-11-08 14:45:08.680;2015-11-08 14:45:08.680
536;.Distrito no indicado;60;2015-11-08 14:45:08.697;2015-11-08 14:45:08.697
537;.Distrito no indicado;61;2015-11-08 14:45:08.697;2015-11-08 14:45:08.697
538;.Distrito no indicado;87;2015-11-08 14:45:08.710;2015-11-08 14:45:08.710
539;.Distrito no indicado;62;2015-11-08 14:45:08.743;2015-11-08 14:45:08.743
540;.Distrito no indicado;63;2015-11-08 14:45:08.757;2015-11-08 14:45:08.757
541;.Distrito no indicado;64;2015-11-08 14:45:08.757;2015-11-08 14:45:08.757
542;.Distrito no indicado;65;2015-11-08 14:45:08.773;2015-11-08 14:45:08.773
543;.Distrito no indicado;66;2015-11-08 14:45:08.790;2015-11-08 14:45:08.790
544;.Distrito no indicado;67;2015-11-08 14:45:08.807;2015-11-08 14:45:08.807
545;.Distrito no indicado;68;2015-11-08 14:45:08.807;2015-11-08 14:45:08.807
546;.Distrito no indicado;69;2015-11-08 14:45:08.820;2015-11-08 14:45:08.820
547;.Distrito no indicado;70;2015-11-08 14:45:08.837;2015-11-08 14:45:08.837
548;.Distrito no indicado;71;2015-11-08 14:45:08.837;2015-11-08 14:45:08.837
549;.Distrito no indicado;72;2015-11-08 14:45:08.853;2015-11-08 14:45:08.853
550;.Distrito no indicado;73;2015-11-08 14:45:08.867;2015-11-08 14:45:08.867
551;.Distrito no indicado;74;2015-11-08 14:45:08.883;2015-11-08 14:45:08.883
552;.Distrito no indicado;75;2015-11-08 14:45:08.913;2015-11-08 14:45:08.913
553;.Distrito no indicado;76;2015-11-08 14:45:08.930;2015-11-08 14:45:08.930
554;.Distrito no indicado;77;2015-11-08 14:45:08.947;2015-11-08 14:45:08.947
555;.Distrito no indicado;78;2015-11-08 14:45:08.947;2015-11-08 14:45:08.947
556;.Distrito no indicado;79;2015-11-08 14:45:08.960;2015-11-08 14:45:08.960
557;.Distrito no indicado;80;2015-11-08 14:45:08.977;2015-11-08 14:45:08.977
558;.Distrito no indicado;81;2015-11-08 14:45:08.993;2015-11-08 14:45:08.993
559;.Distrito no indicado;88;2015-11-08 14:45:09.007;2015-11-08 14:45:09.007
