id;modalidad_permiso;created_at;updated_at
31;otros;2015-11-17 16:31:27.710;2015-11-17 16:31:27.710
32;otros;2015-11-18 16:31:05.750;2015-11-18 16:31:05.750
33;otros;2015-11-18 16:31:05.847;2015-11-18 16:31:05.847
34;otros;2015-11-18 16:31:07.110;2015-11-18 16:31:07.110
35;otros;2015-11-18 16:34:48.217;2015-11-18 16:34:48.217
36;otros;2015-11-18 16:36:40.217;2015-11-18 16:36:40.217
37;otros;2015-11-18 16:37:36.490;2015-11-18 16:37:36.490
40;radiocomunicacion_banda_angosta;2015-12-09 19:20:12.563;2015-12-09 19:20:12.563
57;radioaficionado;2015-12-10 16:21:46.837;2015-12-10 16:21:46.837
62;radiocomunicacion_banda_angosta;2015-12-10 17:15:01.513;2015-12-10 17:15:01.513
69;radiocomunicacion_banda_aeronautica;2015-12-10 19:39:30.860;2015-12-10 19:39:30.860
76;radioaficionado;2015-12-10 20:41:15.927;2015-12-10 20:41:15.927
78;radiocomunicacion_banda_angosta;2015-12-10 21:22:50.027;2015-12-10 21:22:50.027
80;radioaficionado;2015-12-10 21:25:40.090;2015-12-10 21:25:40.090
84;radiocomunicacion_banda_angosta;2015-12-11 14:20:05.427;2015-12-11 14:20:05.427
86;radiocomunicacion_banda_angosta;2015-12-11 14:56:25.557;2015-12-11 14:56:25.557
92;radiocomunicacion_banda_marina;2015-12-11 16:01:53.753;2015-12-11 16:01:53.753
93;radiocomunicacion_banda_angosta;2015-12-11 16:21:24.583;2015-12-11 16:21:24.583
95;radiocomunicacion_banda_angosta;2015-12-11 17:04:44.213;2015-12-11 17:04:44.213
2085;radiocomunicacion_banda_angosta;2015-12-14 15:08:12.677;2015-12-14 15:08:12.677
2087;radiocomunicacion_banda_aeronautica;2015-12-14 16:10:22.670;2015-12-14 16:10:22.670
2090;radiocomunicacion_banda_angosta;2015-12-14 16:35:17.627;2015-12-14 16:35:17.627
2102;radiocomunicacion_banda_angosta;2015-12-14 21:01:15.120;2015-12-14 21:01:15.120
2104;radiocomunicacion_banda_angosta;2015-12-14 21:28:02.077;2015-12-14 21:28:02.077
2107;radioaficionado;2015-12-15 16:56:19.380;2015-12-15 16:56:19.380
2108;radiocomunicacion_banda_angosta;2015-12-15 16:57:55.097;2015-12-15 16:57:55.097
2110;radioaficionado;2015-12-15 17:53:30.010;2015-12-15 17:53:30.010
2112;radioaficionado;2015-12-15 19:34:06.193;2015-12-15 19:34:06.193
2113;radioaficionado;2015-12-15 20:12:54.370;2015-12-15 20:12:54.370
2115;radiocomunicacion_banda_angosta;2015-12-15 21:01:55.547;2015-12-15 21:01:55.547
2117;radioaficionado;2015-12-15 21:28:13.397;2015-12-15 21:28:13.397
2118;radiocomunicacion_banda_angosta;2015-12-15 21:30:19.957;2015-12-15 21:30:19.957
2119;radiocomunicacion_banda_angosta;2015-12-15 21:56:49.197;2015-12-15 21:56:49.197
2126;radiocomunicacion_banda_angosta;2015-12-16 16:57:40.720;2015-12-16 16:57:40.720
2130;radiocomunicacion_banda_angosta;2015-12-16 21:29:37.283;2015-12-16 21:29:37.283
2132;radiocomunicacion_banda_angosta;2015-12-16 21:42:15.487;2015-12-16 21:42:15.487
2135;radiocomunicacion_banda_angosta;2015-12-17 16:18:19.993;2015-12-17 16:18:19.993
2136;radiocomunicacion_banda_angosta;2015-12-17 16:52:04.763;2015-12-17 16:52:04.763
2138;radiocomunicacion_banda_aeronautica;2015-12-17 17:17:50.203;2015-12-17 17:17:50.203
2139;radiocomunicacion_banda_angosta;2015-12-17 17:24:13.453;2015-12-17 17:24:13.453
2151;radiocomunicacion_banda_aeronautica;2015-12-17 20:27:52.663;2015-12-17 20:27:52.663
2156;radiocomunicacion_banda_aeronautica;2015-12-17 20:40:07.633;2015-12-17 20:40:07.633
2166;radiocomunicacion_banda_angosta;2015-12-18 14:07:19.117;2015-12-18 14:07:19.117
2196;radiocomunicacion_banda_angosta;2015-12-18 17:46:40.533;2015-12-18 17:46:40.533
2211;radiocomunicacion_banda_angosta;2015-12-21 15:28:42.297;2015-12-21 15:28:42.297
2213;radiocomunicacion_banda_angosta;2015-12-21 15:47:21.317;2015-12-21 15:47:21.317
2215;radiocomunicacion_banda_angosta;2015-12-21 16:01:00.177;2015-12-21 16:01:00.177
2217;radiocomunicacion_banda_angosta;2015-12-21 16:16:52.897;2015-12-21 16:16:52.897
2223;radiocomunicacion_banda_angosta;2015-12-21 17:24:01.420;2015-12-21 17:24:01.420
2225;radiocomunicacion_banda_angosta;2015-12-21 17:35:22.987;2015-12-21 17:35:22.987
2226;radiocomunicacion_banda_angosta;2015-12-21 17:45:32.753;2015-12-21 17:45:32.753
2228;radiocomunicacion_banda_angosta;2015-12-21 17:49:49.267;2015-12-21 17:49:49.267
2232;radiocomunicacion_banda_angosta;2015-12-21 19:06:30.557;2015-12-21 19:06:30.557
2234;radiocomunicacion_banda_angosta;2015-12-21 19:41:31.187;2015-12-21 19:41:31.187
2240;radiocomunicacion_banda_angosta;2015-12-21 20:18:48.253;2015-12-21 20:18:48.253
2242;radiocomunicacion_banda_angosta;2015-12-21 20:21:42.647;2015-12-21 20:21:42.647
3245;radiocomunicacion_banda_angosta;2015-12-22 16:04:57.877;2015-12-22 16:04:57.877
3247;radiocomunicacion_banda_angosta;2015-12-22 16:28:35.347;2015-12-22 16:28:35.347
3248;radiocomunicacion_banda_angosta;2015-12-22 16:51:06.947;2015-12-22 16:51:06.947
3254;radiocomunicacion_banda_angosta;2015-12-22 17:29:55.090;2015-12-22 17:29:55.090
3285;radiocomunicacion_banda_angosta;2015-12-23 19:59:48.507;2015-12-23 19:59:48.507
3286;radioaficionado;2016-01-11 21:38:41.943;2016-01-11 21:38:41.943
3289;radioaficionado;2016-01-12 16:48:39.733;2016-01-12 16:48:39.733
3291;otros;2016-01-12 19:55:00.397;2016-01-12 19:55:00.397
3292;otros;2016-01-12 20:08:59.617;2016-01-12 20:08:59.617
3293;otros;2016-01-13 18:06:30.993;2016-01-13 18:06:30.993
3294;radioaficionado;2016-01-15 15:14:07.637;2016-01-15 15:14:07.637
3295;otros;2016-01-15 16:17:39.457;2016-01-15 16:17:39.457
3297;otros;2016-01-15 16:44:59.007;2016-01-15 16:44:59.007
3300;otros;2016-01-15 17:05:40.107;2016-01-15 17:05:40.107
3301;radioaficionado;2016-01-15 17:14:43.997;2016-01-15 17:14:43.997
3302;otros;2016-01-15 18:04:40.070;2016-01-15 18:04:40.070
3305;radiocomunicacion_banda_angosta;2016-01-18 14:45:50.147;2016-01-18 14:45:50.147
3307;radiocomunicacion_banda_angosta;2016-01-18 14:51:16.243;2016-01-18 14:51:16.243
3308;otros;2016-01-19 21:25:59.630;2016-01-19 21:25:59.630
3309;otros;2016-01-20 16:55:02.987;2016-01-20 16:55:02.987
3310;otros;2016-01-20 17:22:06.800;2016-01-20 17:22:06.800
3311;radiocomunicacion_banda_aeronautica;2016-01-20 17:37:32.583;2016-01-20 17:37:32.583
3312;otros;2016-01-20 18:16:01.887;2016-01-20 18:16:01.887
3313;radiocomunicacion_banda_aeronautica;2016-01-20 19:26:59.143;2016-01-20 19:26:59.143
3314;radiocomunicacion_banda_aeronautica;2016-01-20 19:43:46.613;2016-01-20 19:43:46.613
3315;radiocomunicacion_banda_aeronautica;2016-01-20 20:07:13.633;2016-01-20 20:07:13.633
3317;radiocomunicacion_banda_angosta;2016-01-20 20:19:58.087;2016-01-20 20:19:58.087
3318;otros;2016-01-20 20:32:56.650;2016-01-20 20:32:56.650
3319;radiocomunicacion_banda_aeronautica;2016-01-20 20:55:48.090;2016-01-20 20:55:48.090
3321;radiocomunicacion_banda_angosta;2016-01-21 13:48:51.930;2016-01-21 13:48:51.930
3323;radiocomunicacion_banda_aeronautica;2016-01-21 14:00:08.917;2016-01-21 14:00:08.917
3330;radioaficionado;2016-01-21 14:38:20.043;2016-01-21 14:38:20.043
3332;radioaficionado;2016-01-21 14:46:34.420;2016-01-21 14:46:34.420
3333;radiocomunicacion_banda_angosta;2016-01-21 15:22:25.190;2016-01-21 15:22:25.190
3338;radiocomunicacion_banda_aeronautica;2016-01-21 15:32:16.737;2016-01-21 15:32:16.737
3343;otros;2016-01-21 15:42:51.380;2016-01-21 15:42:51.380
3349;radioaficionado;2016-01-21 15:48:51.990;2016-01-21 15:48:51.990
3352;radiocomunicacion_banda_angosta;2016-01-21 15:52:52.913;2016-01-21 15:52:52.913
3356;otros;2016-01-21 16:02:21.430;2016-01-21 16:02:21.430
3357;radiocomunicacion_banda_angosta;2016-01-21 16:15:37.570;2016-01-21 16:15:37.570
3358;radiocomunicacion_banda_angosta;2016-01-21 16:26:37.447;2016-01-21 16:26:37.447
3359;radiocomunicacion_banda_angosta;2016-01-21 16:41:48.607;2016-01-21 16:41:48.607
3361;radiocomunicacion_banda_angosta;2016-01-21 16:43:46.043;2016-01-21 16:43:46.043
3365;radiocomunicacion_banda_angosta;2016-01-21 16:55:33.387;2016-01-21 16:55:33.387
3368;radiocomunicacion_banda_angosta;2016-01-21 17:23:33.547;2016-01-21 17:23:33.547
3372;otros;2016-01-21 17:48:41.583;2016-01-21 17:48:41.583
3373;radioaficionado;2016-01-21 18:14:34.023;2016-01-21 18:14:34.023
3378;radiocomunicacion_banda_angosta;2016-01-21 20:01:33.863;2016-01-21 20:01:33.863
3380;radiocomunicacion_banda_angosta;2016-01-21 20:25:23.990;2016-01-21 20:25:23.990
3382;radiocomunicacion_banda_aeronautica;2016-01-21 20:51:21.087;2016-01-21 20:51:21.087
3384;radiocomunicacion_banda_aeronautica;2016-01-21 21:07:56.717;2016-01-21 21:07:56.717
3385;radiocomunicacion_banda_aeronautica;2016-01-21 21:21:48.170;2016-01-21 21:21:48.170
3388;otros;2016-01-21 21:39:44.017;2016-01-21 21:39:44.017
3389;radioaficionado;2016-01-21 21:45:27.313;2016-01-21 21:45:27.313
3390;radioaficionado;2016-01-21 21:46:55.187;2016-01-21 21:46:55.187
3391;radiocomunicacion_banda_angosta;2016-01-22 14:14:31.803;2016-01-22 14:14:31.803
3393;radiocomunicacion_banda_marina;2016-01-22 14:25:30.087;2016-01-22 14:25:30.087
3394;otros;2016-01-22 14:28:58.150;2016-01-22 14:28:58.150
3395;radiocomunicacion_banda_angosta;2016-01-22 14:40:27.837;2016-01-22 14:40:27.837
3396;otros;2016-01-22 14:47:54.027;2016-01-22 14:47:54.027
3397;otros;2016-01-22 15:13:49.077;2016-01-22 15:13:49.077
3398;radiocomunicacion_banda_angosta;2016-01-22 15:42:06.533;2016-01-22 15:42:06.533
3399;radioaficionado;2016-01-22 16:32:05.460;2016-01-22 16:32:05.460
3400;radioaficionado;2016-01-22 16:35:49.383;2016-01-22 16:35:49.383
3403;radiocomunicacion_banda_angosta;2016-01-22 19:36:52.540;2016-01-22 19:36:52.540
3411;otros;2016-01-25 14:40:29.790;2016-01-25 14:40:29.790
3413;otros;2016-01-25 16:55:27.337;2016-01-25 16:55:27.337
3414;otros;2016-01-25 17:47:51.017;2016-01-25 17:47:51.017
3415;otros;2016-01-25 18:09:48.877;2016-01-25 18:09:48.877
3416;radioaficionado;2016-01-25 20:21:40.110;2016-01-25 20:21:40.110
3417;radioaficionado;2016-01-25 21:12:40.727;2016-01-25 21:12:40.727
3418;radioaficionado;2016-01-25 21:19:17.260;2016-01-25 21:19:17.260
3419;radioaficionado;2016-01-26 14:55:01.757;2016-01-26 14:55:01.757
3420;radioaficionado;2016-01-26 15:00:47.273;2016-01-26 15:00:47.273
3421;radioaficionado;2016-01-26 15:04:47.773;2016-01-26 15:04:47.773
3422;radioaficionado;2016-01-26 17:22:06.370;2016-01-26 17:22:06.370
3423;radioaficionado;2016-01-26 17:31:43.497;2016-01-26 17:31:43.497
3424;otros;2016-01-26 18:02:35.483;2016-01-26 18:02:35.483
3425;radioaficionado;2016-01-29 15:48:25.653;2016-01-29 15:48:25.653
3426;radioaficionado;2016-01-29 16:57:03.193;2016-01-29 16:57:03.193
3427;otros;2016-02-01 20:42:56.023;2016-02-01 20:42:56.023
3428;otros;2016-02-01 21:16:06.153;2016-02-01 21:16:06.153
3429;otros;2016-02-01 21:34:57.653;2016-02-01 21:34:57.653
3430;otros;2016-02-02 16:44:05.803;2016-02-02 16:44:05.803
3431;otros;2016-02-02 17:07:18.837;2016-02-02 17:07:18.837
3432;otros;2016-02-02 17:31:23.590;2016-02-02 17:31:23.590
3433;otros;2016-02-02 17:52:22.203;2016-02-02 17:52:22.203
3434;otros;2016-02-02 18:05:28.000;2016-02-02 18:05:28.000
3435;otros;2016-02-02 21:50:04.513;2016-02-02 21:50:04.513
3437;otros;2016-02-03 15:47:54.763;2016-02-03 15:47:54.763
3438;otros;2016-02-03 16:24:35.720;2016-02-03 16:24:35.720
3439;radioaficionado;2016-02-03 16:31:21.723;2016-02-03 16:31:21.723
3440;radioaficionado;2016-02-03 16:48:10.177;2016-02-03 16:48:10.177
3441;radioaficionado;2016-02-03 17:09:14.803;2016-02-03 17:09:14.803
3442;radioaficionado;2016-02-03 17:16:47.757;2016-02-03 17:16:47.757
3443;radioaficionado;2016-02-03 17:21:25.760;2016-02-03 17:21:25.760
3444;radioaficionado;2016-02-03 17:32:26.650;2016-02-03 17:32:26.650
3445;otros;2016-02-03 20:54:22.563;2016-02-03 20:54:22.563
3447;otros;2016-02-03 21:51:34.227;2016-02-03 21:51:34.227
3448;radioaficionado;2016-02-03 22:07:28.087;2016-02-03 22:07:28.087
3449;radioaficionado;2016-02-04 16:07:15.150;2016-02-04 16:07:15.150
3450;otros;2016-02-04 18:10:33.807;2016-02-04 18:10:33.807
3453;radioaficionado;2016-02-08 21:12:38.413;2016-02-08 21:12:38.413
3454;radioaficionado;2016-02-09 17:17:39.730;2016-02-09 17:17:39.730
3455;radioaficionado;2016-02-09 18:12:01.257;2016-02-09 18:12:01.257
3456;otros;2016-02-09 20:32:13.217;2016-02-09 20:32:13.217
3459;otros;2016-02-09 22:00:57.867;2016-02-09 22:00:57.867
3460;otros;2016-02-10 15:26:54.140;2016-02-10 15:26:54.140
3462;otros;2016-02-12 14:57:54.563;2016-02-12 14:57:54.563
3463;otros;2016-02-12 15:08:38.080;2016-02-12 15:08:38.080
3464;otros;2016-02-12 15:32:02.697;2016-02-12 15:32:02.697
3465;otros;2016-02-12 15:52:50.290;2016-02-12 15:52:50.290
3468;radioaficionado;2016-02-12 17:40:44.143;2016-02-12 17:40:44.143
3469;otros;2016-02-12 18:20:50.510;2016-02-12 18:20:50.510
3474;radioaficionado;2016-02-12 19:59:36.467;2016-02-12 19:59:36.467
3475;radioaficionado;2016-02-12 19:59:53.200;2016-02-12 19:59:53.200
3476;radioaficionado;2016-02-12 20:01:27.950;2016-02-12 20:01:27.950
3477;radioaficionado;2016-02-12 20:04:21.607;2016-02-12 20:04:21.607
3478;radioaficionado;2016-02-12 20:06:04.703;2016-02-12 20:06:04.703
3479;radioaficionado;2016-02-12 20:06:55.750;2016-02-12 20:06:55.750
3480;radioaficionado;2016-02-12 20:07:41.920;2016-02-12 20:07:41.920
3481;radioaficionado;2016-02-12 20:11:43.123;2016-02-12 20:11:43.123
3482;radioaficionado;2016-02-12 20:13:47.327;2016-02-12 20:13:47.327
3483;banda_ciudadana;2016-02-12 20:18:04.483;2016-02-12 20:18:04.483
3484;radioaficionado;2016-02-12 20:21:42.997;2016-02-12 20:21:42.997
3485;radioaficionado;2016-02-12 20:22:56.983;2016-02-12 20:22:56.983
3486;radioaficionado;2016-02-12 20:24:22.467;2016-02-12 20:24:22.467
3487;radioaficionado;2016-02-12 20:27:55.343;2016-02-12 20:27:55.343
3489;radioaficionado;2016-02-12 20:29:21.000;2016-02-12 20:29:21.000
3490;radioaficionado;2016-02-12 20:29:40.767;2016-02-12 20:29:40.767
3491;radioaficionado;2016-02-12 20:30:14.767;2016-02-12 20:30:14.767
3492;radioaficionado;2016-02-12 20:31:11.703;2016-02-12 20:31:11.703
3493;radioaficionado;2016-02-12 20:31:27.797;2016-02-12 20:31:27.797
3501;radioaficionado;2016-02-12 20:42:53.767;2016-02-12 20:42:53.767
3503;radioaficionado;2016-02-12 20:45:11.987;2016-02-12 20:45:11.987
3504;radioaficionado;2016-02-12 20:56:00.377;2016-02-12 20:56:00.377
3505;radioaficionado;2016-02-12 20:58:18.533;2016-02-12 20:58:18.533
3507;otros;2016-02-12 21:01:35.470;2016-02-12 21:01:35.470
3508;radioaficionado;2016-02-12 21:03:36.847;2016-02-12 21:03:36.847
3509;radioaficionado;2016-02-12 21:07:12.567;2016-02-12 21:07:12.567
3511;radioaficionado;2016-02-12 21:15:52.633;2016-02-12 21:15:52.633
3512;radioaficionado;2016-02-12 21:17:59.870;2016-02-12 21:17:59.870
3513;radioaficionado;2016-02-12 21:19:57.887;2016-02-12 21:19:57.887
3514;radioaficionado;2016-02-12 21:21:35.760;2016-02-12 21:21:35.760
3516;radioaficionado;2016-02-12 21:30:39.217;2016-02-12 21:30:39.217
3517;radioaficionado;2016-02-15 14:25:30.737;2016-02-15 14:25:30.737
3518;radioaficionado;2016-02-15 14:27:00.347;2016-02-15 14:27:00.347
3519;radioaficionado;2016-02-15 14:27:53.207;2016-02-15 14:27:53.207
3520;radioaficionado;2016-02-15 14:28:43.847;2016-02-15 14:28:43.847
3521;radioaficionado;2016-02-15 14:40:13.787;2016-02-15 14:40:13.787
3523;otros;2016-02-15 16:19:53.203;2016-02-15 16:19:53.203
3525;radiocomunicacion_banda_angosta;2016-02-15 16:33:40.407;2016-02-15 16:33:40.407
3526;radiocomunicacion_banda_angosta;2016-02-15 17:06:38.147;2016-02-15 17:06:38.147
3527;radiocomunicacion_banda_angosta;2016-02-15 17:14:09.070;2016-02-15 17:14:09.070
3528;radiocomunicacion_banda_angosta;2016-02-15 17:23:16.383;2016-02-15 17:23:16.383
3529;radioaficionado;2016-02-15 17:23:43.053;2016-02-15 17:23:43.053
3530;radiocomunicacion_banda_angosta;2016-02-15 17:30:59.307;2016-02-15 17:30:59.307
3531;radiocomunicacion_banda_angosta;2016-02-15 17:35:54.447;2016-02-15 17:35:54.447
3534;radiocomunicacion_banda_angosta;2016-02-15 17:42:57.587;2016-02-15 17:42:57.587
3535;radioaficionado;2016-02-15 17:44:08.947;2016-02-15 17:44:08.947
3536;radioaficionado;2016-02-15 17:47:08.120;2016-02-15 17:47:08.120
3537;radiocomunicacion_banda_angosta;2016-02-15 17:51:53.807;2016-02-15 17:51:53.807
3538;radiocomunicacion_banda_angosta;2016-02-15 18:02:32.590;2016-02-15 18:02:32.590
3539;radiocomunicacion_banda_angosta;2016-02-15 19:18:54.897;2016-02-15 19:18:54.897
3540;radiocomunicacion_banda_angosta;2016-02-15 19:21:18.647;2016-02-15 19:21:18.647
3541;radiocomunicacion_banda_angosta;2016-02-15 19:35:41.053;2016-02-15 19:35:41.053
3542;radiocomunicacion_banda_angosta;2016-02-15 19:39:46.743;2016-02-15 19:39:46.743
3543;radiocomunicacion_banda_angosta;2016-02-15 19:43:35.977;2016-02-15 19:43:35.977
3544;radiocomunicacion_banda_angosta;2016-02-15 19:52:25.370;2016-02-15 19:52:25.370
3545;radiocomunicacion_banda_angosta;2016-02-15 19:54:12.133;2016-02-15 19:54:12.133
3546;radiocomunicacion_banda_angosta;2016-02-15 19:56:31.917;2016-02-15 19:56:31.917
3548;radiocomunicacion_banda_angosta;2016-02-15 20:06:00.357;2016-02-15 20:06:00.357
3549;radiocomunicacion_banda_aeronautica;2016-02-15 20:15:12.823;2016-02-15 20:15:12.823
3550;radiocomunicacion_banda_aeronautica;2016-02-15 20:26:09.247;2016-02-15 20:26:09.247
3551;radiocomunicacion_banda_aeronautica;2016-02-15 20:40:31.297;2016-02-15 20:40:31.297
3552;radiocomunicacion_banda_angosta;2016-02-15 20:56:18.423;2016-02-15 20:56:18.423
3553;radiocomunicacion_banda_aeronautica;2016-02-15 21:00:41.487;2016-02-15 21:00:41.487
3554;radiocomunicacion_banda_angosta;2016-02-15 21:07:59.910;2016-02-15 21:07:59.910
3555;radiocomunicacion_banda_angosta;2016-02-15 21:09:48.487;2016-02-15 21:09:48.487
3556;radiocomunicacion_banda_angosta;2016-02-15 21:34:28.117;2016-02-15 21:34:28.117
3557;radiocomunicacion_banda_angosta;2016-02-15 21:42:03.287;2016-02-15 21:42:03.287
3558;radiocomunicacion_banda_angosta;2016-02-15 21:45:30.210;2016-02-15 21:45:30.210
3559;radiocomunicacion_banda_aeronautica;2016-02-16 14:35:15.047;2016-02-16 14:35:15.047
3560;radiocomunicacion_banda_aeronautica;2016-02-16 14:40:25.983;2016-02-16 14:40:25.983
3562;radiocomunicacion_banda_aeronautica;2016-02-16 14:41:33.640;2016-02-16 14:41:33.640
3564;radiocomunicacion_banda_aeronautica;2016-02-16 14:50:18.470;2016-02-16 14:50:18.470
3565;radioaficionado;2016-02-16 14:52:44.173;2016-02-16 14:52:44.173
3566;radioaficionado;2016-02-16 14:59:15.063;2016-02-16 14:59:15.063
3567;radiocomunicacion_banda_aeronautica;2016-02-16 14:59:52.597;2016-02-16 14:59:52.597
3568;radiocomunicacion_banda_angosta;2016-02-16 15:00:45.377;2016-02-16 15:00:45.377
3569;radiocomunicacion_banda_angosta;2016-02-16 15:02:16.673;2016-02-16 15:02:16.673
3570;radioaficionado;2016-02-16 15:07:20.723;2016-02-16 15:07:20.723
3571;radioaficionado;2016-02-16 15:13:49.863;2016-02-16 15:13:49.863
3572;radiocomunicacion_banda_angosta;2016-02-16 15:16:19.487;2016-02-16 15:16:19.487
3573;radioaficionado;2016-02-16 15:20:03.190;2016-02-16 15:20:03.190
3574;radioaficionado;2016-02-16 15:27:10.083;2016-02-16 15:27:10.083
3575;radioaficionado;2016-02-16 15:34:27.757;2016-02-16 15:34:27.757
3576;radioaficionado;2016-02-16 15:39:52.460;2016-02-16 15:39:52.460
3577;radioaficionado;2016-02-16 15:46:42.367;2016-02-16 15:46:42.367
3578;radiocomunicacion_banda_angosta;2016-02-16 15:49:01.883;2016-02-16 15:49:01.883
3579;radioaficionado;2016-02-16 15:52:00.930;2016-02-16 15:52:00.930
3580;radiocomunicacion_banda_angosta;2016-02-16 15:53:22.040;2016-02-16 15:53:22.040
3581;radiocomunicacion_banda_angosta;2016-02-16 15:54:53.837;2016-02-16 15:54:53.837
3582;radiocomunicacion_banda_angosta;2016-02-16 15:56:39.180;2016-02-16 15:56:39.180
3583;radiocomunicacion_banda_angosta;2016-02-16 15:57:23.697;2016-02-16 15:57:23.697
3584;radiocomunicacion_banda_angosta;2016-02-16 15:58:08.197;2016-02-16 15:58:08.197
3585;radiocomunicacion_banda_angosta;2016-02-16 15:59:35.040;2016-02-16 15:59:35.040
3586;radiocomunicacion_banda_aeronautica;2016-02-16 16:00:31.070;2016-02-16 16:00:31.070
3587;radioaficionado;2016-02-16 16:14:23.933;2016-02-16 16:14:23.933
3588;radioaficionado;2016-02-16 16:26:02.277;2016-02-16 16:26:02.277
3589;radioaficionado;2016-02-16 16:33:25.840;2016-02-16 16:33:25.840
3590;radiocomunicacion_banda_angosta;2016-02-16 16:46:31.890;2016-02-16 16:46:31.890
3591;radiocomunicacion_banda_angosta;2016-02-16 16:52:49.140;2016-02-16 16:52:49.140
3592;radiocomunicacion_banda_angosta;2016-02-16 16:53:39.670;2016-02-16 16:53:39.670
3593;radiocomunicacion_banda_angosta;2016-02-16 16:54:31.373;2016-02-16 16:54:31.373
3594;radiocomunicacion_banda_marina;2016-02-16 17:02:55.453;2016-02-16 17:02:55.453
3595;radioaficionado;2016-02-16 17:04:39.283;2016-02-16 17:04:39.283
3597;radiocomunicacion_banda_angosta;2016-02-16 17:22:56.143;2016-02-16 17:22:56.143
3598;radiocomunicacion_banda_angosta;2016-02-16 17:34:02.787;2016-02-16 17:34:02.787
3599;radiocomunicacion_banda_aeronautica;2016-02-16 17:37:15.537;2016-02-16 17:37:15.537
3601;radioaficionado;2016-02-16 18:05:19.243;2016-02-16 18:05:19.243
3602;radiocomunicacion_banda_angosta;2016-02-16 18:06:51.743;2016-02-16 18:06:51.743
3603;radioaficionado;2016-02-16 19:23:19.500;2016-02-16 19:23:19.500
3605;radiocomunicacion_banda_angosta;2016-02-16 19:44:09.847;2016-02-16 19:44:09.847
3606;radiocomunicacion_banda_angosta;2016-02-16 19:51:00.317;2016-02-16 19:51:00.317
3607;radioaficionado;2016-02-16 19:56:54.053;2016-02-16 19:56:54.053
3608;radiocomunicacion_banda_angosta;2016-02-16 20:05:34.427;2016-02-16 20:05:34.427
3609;radioaficionado;2016-02-16 20:06:57.943;2016-02-16 20:06:57.943
3611;radioaficionado;2016-02-16 20:08:51.490;2016-02-16 20:08:51.490
3612;radiocomunicacion_banda_angosta;2016-02-16 20:13:50.617;2016-02-16 20:13:50.617
3613;radioaficionado;2016-02-16 20:15:28.680;2016-02-16 20:15:28.680
3614;radiocomunicacion_banda_angosta;2016-02-16 20:16:09.993;2016-02-16 20:16:09.993
3615;radiocomunicacion_banda_angosta;2016-02-16 20:30:11.917;2016-02-16 20:30:11.917
3616;radiocomunicacion_banda_angosta;2016-02-16 20:35:31.977;2016-02-16 20:35:31.977
3617;radiocomunicacion_banda_aeronautica;2016-02-16 20:38:34.980;2016-02-16 20:38:34.980
3618;radioaficionado;2016-02-16 20:40:53.543;2016-02-16 20:40:53.543
3619;radiocomunicacion_banda_angosta;2016-02-16 20:45:58.980;2016-02-16 20:45:58.980
3620;radiocomunicacion_banda_angosta;2016-02-16 20:58:33.607;2016-02-16 20:58:33.607
3622;radioaficionado;2016-02-16 21:51:35.533;2016-02-16 21:51:35.533
3623;radiocomunicacion_banda_angosta;2016-02-17 14:13:23.307;2016-02-17 14:13:23.307
3624;radiocomunicacion_banda_angosta;2016-02-17 14:20:28.997;2016-02-17 14:20:28.997
3625;radiocomunicacion_banda_aeronautica;2016-02-17 14:25:37.870;2016-02-17 14:25:37.870
3626;radiocomunicacion_banda_angosta;2016-02-17 14:33:57.260;2016-02-17 14:33:57.260
3627;radiocomunicacion_banda_angosta;2016-02-17 14:40:27.717;2016-02-17 14:40:27.717
3628;radiocomunicacion_banda_aeronautica;2016-02-17 14:45:11.293;2016-02-17 14:45:11.293
3629;radiocomunicacion_banda_angosta;2016-02-17 14:51:47.687;2016-02-17 14:51:47.687
3630;radiocomunicacion_banda_angosta;2016-02-17 14:56:06.717;2016-02-17 14:56:06.717
3631;radioaficionado;2016-02-17 15:05:40.017;2016-02-17 15:05:40.017
3632;radioaficionado;2016-02-17 15:14:35.877;2016-02-17 15:14:35.877
3633;radioaficionado;2016-02-17 15:22:35.690;2016-02-17 15:22:35.690
3634;radioaficionado;2016-02-17 15:33:09.533;2016-02-17 15:33:09.533
3635;radiocomunicacion_banda_angosta;2016-02-17 15:48:23.863;2016-02-17 15:48:23.863
3636;radiocomunicacion_banda_angosta;2016-02-17 15:59:20.223;2016-02-17 15:59:20.223
3637;radioaficionado;2016-02-17 16:00:43.210;2016-02-17 16:00:43.210
3638;radioaficionado;2016-02-17 16:08:42.680;2016-02-17 16:08:42.680
3639;radiocomunicacion_banda_angosta;2016-02-17 16:11:31.757;2016-02-17 16:11:31.757
3640;radiocomunicacion_banda_angosta;2016-02-17 16:19:18.493;2016-02-17 16:19:18.493
3641;radioaficionado;2016-02-17 16:22:32.023;2016-02-17 16:22:32.023
3642;radiocomunicacion_banda_angosta;2016-02-17 16:27:55.603;2016-02-17 16:27:55.603
3643;radiocomunicacion_banda_angosta;2016-02-17 16:34:10.603;2016-02-17 16:34:10.603
3644;radioaficionado;2016-02-17 16:36:27.087;2016-02-17 16:36:27.087
3645;radiocomunicacion_banda_angosta;2016-02-17 16:42:17.230;2016-02-17 16:42:17.230
3646;radioaficionado;2016-02-17 16:49:45.073;2016-02-17 16:49:45.073
3647;radiocomunicacion_banda_angosta;2016-02-17 16:50:08.607;2016-02-17 16:50:08.607
3648;radioaficionado;2016-02-17 17:06:52.140;2016-02-17 17:06:52.140
3649;radiocomunicacion_banda_angosta;2016-02-17 17:07:36.513;2016-02-17 17:07:36.513
3650;radioaficionado;2016-02-17 17:18:52.420;2016-02-17 17:18:52.420
3651;radiocomunicacion_banda_angosta;2016-02-17 17:24:41.017;2016-02-17 17:24:41.017
3652;radiocomunicacion_banda_angosta;2016-02-17 17:29:44.330;2016-02-17 17:29:44.330
3653;otros;2016-02-17 17:44:51.720;2016-02-17 17:44:51.720
3654;radioaficionado;2016-02-17 17:55:48.817;2016-02-17 17:55:48.817
3655;radiocomunicacion_banda_angosta;2016-02-17 18:05:22.803;2016-02-17 18:05:22.803
3656;radiocomunicacion_banda_angosta;2016-02-17 19:27:27.843;2016-02-17 19:27:27.843
3657;radioaficionado;2016-02-17 19:31:46.983;2016-02-17 19:31:46.983
3658;radiocomunicacion_banda_angosta;2016-02-17 19:36:53.327;2016-02-17 19:36:53.327
3659;radiocomunicacion_banda_aeronautica;2016-02-17 19:39:35.877;2016-02-17 19:39:35.877
3660;radiocomunicacion_banda_aeronautica;2016-02-17 19:46:30.877;2016-02-17 19:46:30.877
3661;radiocomunicacion_banda_angosta;2016-02-17 19:56:53.753;2016-02-17 19:56:53.753
3662;radioaficionado;2016-02-17 20:03:04.363;2016-02-17 20:03:04.363
3663;radiocomunicacion_banda_aeronautica;2016-02-17 20:03:48.660;2016-02-17 20:03:48.660
3664;radiocomunicacion_banda_angosta;2016-02-17 20:10:47.300;2016-02-17 20:10:47.300
3665;radioaficionado;2016-02-17 20:17:19.803;2016-02-17 20:17:19.803
3666;radiocomunicacion_banda_aeronautica;2016-02-17 20:22:29.427;2016-02-17 20:22:29.427
3667;radiocomunicacion_banda_angosta;2016-02-17 20:31:18.380;2016-02-17 20:31:18.380
3669;radioaficionado;2016-02-17 20:34:10.240;2016-02-17 20:34:10.240
3670;radioaficionado;2016-02-17 20:46:42.493;2016-02-17 20:46:42.493
3671;otros;2016-02-17 21:29:11.560;2016-02-17 21:29:11.560
3672;otros;2016-02-18 18:14:39.877;2016-02-18 18:14:39.877
3674;otros;2016-02-19 18:03:30.197;2016-02-19 18:03:30.197
3676;radioaficionado;2016-04-04 15:04:39.460;2016-04-04 15:04:39.460
3677;otros;2016-05-05 20:25:00.207;2016-05-05 20:25:00.207
3678;otros;2016-06-16 21:22:11.000;2016-06-16 21:22:11.000
3680;otros;2016-06-16 21:47:06.690;2016-06-16 21:47:06.690
3682;otros;2016-06-16 22:19:09.617;2016-06-16 22:19:09.617
3684;otros;2016-06-17 22:12:03.787;2016-06-17 22:12:03.787
3685;otros;2016-06-17 22:58:31.023;2016-06-17 22:58:31.023
3686;radiocomunicacion_banda_angosta;2016-06-22 14:26:04.687;2016-06-22 14:26:04.687
3687;radiocomunicacion_banda_aeronautica;2016-06-22 14:32:07.547;2016-06-22 14:32:07.547
3688;radiocomunicacion_banda_aeronautica;2016-06-22 14:34:15.393;2016-06-22 14:34:15.393
3689;radiocomunicacion_banda_aeronautica;2016-06-22 22:39:57.403;2016-06-22 22:39:57.403
3690;radioaficionado;2016-06-22 22:40:50.933;2016-06-22 22:40:50.933
3691;radiocomunicacion_banda_aeronautica;2016-06-22 22:41:50.467;2016-06-22 22:41:50.467
3692;radiocomunicacion_banda_aeronautica;2016-06-22 22:47:51.327;2016-06-22 22:47:51.327
3695;radioaficionado;2016-06-27 22:28:25.940;2016-06-27 22:28:25.940
3697;radioaficionado;2016-06-27 22:41:04.517;2016-06-27 22:41:04.517
3701;radioaficionado;2016-06-27 23:02:59.350;2016-06-27 23:02:59.350
3703;radioaficionado;2016-06-27 23:13:01.553;2016-06-27 23:13:01.553
3705;radioaficionado;2016-06-27 23:30:09.167;2016-06-27 23:30:09.167
3707;radioaficionado;2016-06-29 17:44:31.697;2016-06-29 17:44:31.697
3709;radioaficionado;2016-06-29 22:17:38.697;2016-06-29 22:17:38.697
3711;radioaficionado;2016-06-29 22:24:47.367;2016-06-29 22:24:47.367
3713;radioaficionado;2016-06-29 22:35:37.213;2016-06-29 22:35:37.213
3715;radioaficionado;2016-06-29 22:57:09.967;2016-06-29 22:57:09.967
3716;radiocomunicacion_banda_aeronautica;2016-06-30 14:18:34.057;2016-06-30 14:18:34.057
3717;radiocomunicacion_banda_angosta;2016-06-30 14:20:50.230;2016-06-30 14:20:50.230
3718;radiocomunicacion_banda_aeronautica;2016-06-30 14:21:37.370;2016-06-30 14:21:37.370
3720;radiocomunicacion_banda_aeronautica;2016-06-30 14:40:41.390;2016-06-30 14:40:41.390
3721;radiocomunicacion_banda_angosta;2016-06-30 14:42:50.233;2016-06-30 14:42:50.233
3723;radioaficionado;2016-06-30 19:52:01.550;2016-06-30 19:52:01.550
3724;radioaficionado;2016-06-30 19:57:41.083;2016-06-30 19:57:41.083
3726;radioaficionado;2016-06-30 21:04:25.667;2016-06-30 21:04:25.667
3728;radioaficionado;2016-07-01 16:30:58.273;2016-07-01 16:30:58.273
3730;radioaficionado;2016-07-01 16:42:53.323;2016-07-01 16:42:53.323
3734;radioaficionado;2016-07-01 17:06:55.357;2016-07-01 17:06:55.357
3736;radioaficionado;2016-07-01 17:23:30.920;2016-07-01 17:23:30.920
3737;radioaficionado;2016-07-01 17:38:57.423;2016-07-01 17:38:57.423
3739;radioaficionado;2016-07-04 22:54:52.920;2016-07-04 22:54:52.920
3741;radioaficionado;2016-07-04 23:25:19.220;2016-07-04 23:25:19.220
3743;radioaficionado;2016-07-05 15:01:11.243;2016-07-05 15:01:11.243
3745;radioaficionado;2016-07-05 15:11:21.200;2016-07-05 15:11:21.200
3747;radioaficionado;2016-07-05 15:31:16.577;2016-07-05 15:31:16.577
3749;radioaficionado;2016-07-05 15:40:28.593;2016-07-05 15:40:28.593
3751;radioaficionado;2016-07-05 17:41:12.403;2016-07-05 17:41:12.403
3753;radioaficionado;2016-07-05 17:58:21.483;2016-07-05 17:58:21.483
3755;radioaficionado;2016-07-05 18:08:13.627;2016-07-05 18:08:13.627
3757;radioaficionado;2016-07-05 18:20:14.970;2016-07-05 18:20:14.970
3759;radioaficionado;2016-07-06 20:21:53.497;2016-07-06 20:21:53.497
3761;radioaficionado;2016-07-06 20:26:49.857;2016-07-06 20:26:49.857
3763;radioaficionado;2016-07-06 20:33:15.560;2016-07-06 20:33:15.560
3777;radiocomunicacion_banda_angosta;2016-07-14 19:49:48.300;2016-07-14 19:49:48.300
3779;radioaficionado;2016-07-15 21:09:42.430;2016-07-15 21:09:42.430
3783;radioaficionado;2016-07-15 21:41:26.607;2016-07-15 21:41:26.607
3800;radioaficionado;2016-07-15 23:12:05.773;2016-07-15 23:12:05.773
3806;radioaficionado;2016-07-18 15:34:14.533;2016-07-18 15:34:14.533
3810;otros;2016-08-01 17:52:32.967;2016-08-01 17:52:32.967
3812;otros;2016-08-01 18:26:19.660;2016-08-01 18:26:19.660
3813;otros;2016-08-04 17:32:36.937;2016-08-04 17:32:36.937
3814;radiocomunicacion_banda_angosta;2016-08-04 17:52:12.503;2016-08-04 17:52:12.503
3815;otros;2016-08-04 21:17:40.480;2016-08-04 21:17:40.480
3817;radioaficionado;2016-08-08 18:16:29.790;2016-08-08 18:16:29.790
3819;radioaficionado;2016-08-16 14:51:56.267;2016-08-16 14:51:56.267
3820;otros;2016-08-16 15:09:06.207;2016-08-16 15:09:06.207
3821;otros;2016-08-16 15:31:47.630;2016-08-16 15:31:47.630
3822;otros;2016-08-16 16:15:50.760;2016-08-16 16:15:50.760
3823;otros;2016-08-16 17:01:36.393;2016-08-16 17:01:36.393
3827;radioaficionado;2016-08-16 20:09:21.477;2016-08-16 20:09:21.477
3831;otros;2016-08-16 21:31:27.737;2016-08-16 21:31:27.737
3832;otros;2016-08-16 21:55:53.223;2016-08-16 21:55:53.223
3833;radioaficionado;2016-08-19 15:59:01.093;2016-08-19 15:59:01.093
3836;radioaficionado;2016-08-19 16:39:56.660;2016-08-19 16:39:56.660
3837;radioaficionado;2016-08-19 16:52:18.163;2016-08-19 16:52:18.163
3838;otros;2016-08-19 18:02:58.017;2016-08-19 18:02:58.017
3839;radioaficionado;2016-08-19 21:45:04.183;2016-08-19 21:45:04.183
3840;radioaficionado;2016-08-22 14:52:57.573;2016-08-22 14:52:57.573
3841;banda_ciudadana;2016-08-22 15:30:26.017;2016-08-22 15:30:26.017
3843;radioaficionado;2016-08-22 15:55:14.970;2016-08-22 15:55:14.970
3844;radioaficionado;2016-08-22 16:07:09.693;2016-08-22 16:07:09.693
3845;radioaficionado;2016-08-22 16:31:55.570;2016-08-22 16:31:55.570
3846;banda_ciudadana;2016-08-22 21:36:20.793;2016-08-22 21:36:20.793
3847;radioaficionado;2016-08-22 21:43:38.200;2016-08-22 21:43:38.200
3848;radioaficionado;2016-08-22 21:59:25.187;2016-08-22 21:59:25.187
3851;otros;2016-08-23 18:03:01.387;2016-08-23 18:03:01.387
3852;radioaficionado;2016-08-23 20:15:57.560;2016-08-23 20:15:57.560
3853;otros;2016-08-23 20:35:01.077;2016-08-23 20:35:01.077
3857;radioaficionado;2016-08-25 16:49:55.827;2016-08-25 16:49:55.827
3858;radioaficionado;2016-08-25 16:50:35.717;2016-08-25 16:50:35.717
3859;radioaficionado;2016-08-25 16:53:47.687;2016-08-25 16:53:47.687
3863;radioaficionado;2016-08-25 16:57:50.920;2016-08-25 16:57:50.920
3864;radioaficionado;2016-08-25 16:58:36.000;2016-08-25 16:58:36.000
3865;radioaficionado;2016-08-25 16:58:58.967;2016-08-25 16:58:58.967
3867;radioaficionado;2016-08-25 17:02:46.703;2016-08-25 17:02:46.703
3868;radioaficionado;2016-08-25 17:04:15.687;2016-08-25 17:04:15.687
3869;radioaficionado;2016-08-25 17:40:53.380;2016-08-25 17:40:53.380
3870;radioaficionado;2016-08-25 17:41:48.143;2016-08-25 17:41:48.143
3871;radioaficionado;2016-08-25 17:43:15.020;2016-08-25 17:43:15.020
3872;radioaficionado;2016-08-25 17:44:06.880;2016-08-25 17:44:06.880
3873;radioaficionado;2016-08-25 17:44:50.473;2016-08-25 17:44:50.473
3876;radioaficionado;2016-08-29 16:28:05.040;2016-08-29 16:28:05.040
3880;otros;2016-08-29 20:11:18.800;2016-08-29 20:11:18.800
3881;otros;2016-08-29 20:21:27.113;2016-08-29 20:21:27.113
3884;otros;2016-08-29 20:57:38.070;2016-08-29 20:57:38.070
3885;otros;2016-08-29 21:11:35.637;2016-08-29 21:11:35.637
3886;otros;2016-08-29 21:35:22.153;2016-08-29 21:35:22.153
3893;otros;2016-08-30 19:58:40.480;2016-08-30 19:58:40.480
3894;radioaficionado;2016-08-30 20:10:14.967;2016-08-30 20:10:14.967
3895;radioaficionado;2016-08-30 20:55:53.440;2016-08-30 20:55:53.440
3896;radioaficionado;2016-08-30 21:01:57.127;2016-08-30 21:01:57.127
3899;otros;2016-08-30 21:10:41.473;2016-08-30 21:10:41.473
3900;radioaficionado;2016-08-31 17:05:59.927;2016-08-31 17:05:59.927
3901;radioaficionado;2016-08-31 17:12:55.490;2016-08-31 17:12:55.490
3904;radioaficionado;2016-08-31 17:43:49.337;2016-08-31 17:43:49.337
3905;radioaficionado;2016-08-31 17:54:50.917;2016-08-31 17:54:50.917
3906;radioaficionado;2016-08-31 20:17:41.573;2016-08-31 20:17:41.573
3907;radioaficionado;2016-08-31 20:37:30.483;2016-08-31 20:37:30.483
3908;radioaficionado;2016-08-31 21:35:20.083;2016-08-31 21:35:20.083
3910;radioaficionado;2016-08-31 21:46:05.710;2016-08-31 21:46:05.710
3912;radioaficionado;2016-08-31 21:52:38.600;2016-08-31 21:52:38.600
3913;otros;2016-08-31 22:05:38.163;2016-08-31 22:05:38.163
3914;radioaficionado;2016-09-01 15:21:26.240;2016-09-01 15:21:26.240
3916;radioaficionado;2016-09-01 16:59:58.673;2016-09-01 16:59:58.673
3917;radioaficionado;2016-09-01 17:05:04.487;2016-09-01 17:05:04.487
3918;otros;2016-09-01 17:37:16.677;2016-09-01 17:37:16.677
3920;otros;2016-09-01 20:01:39.240;2016-09-01 20:01:39.240
3921;otros;2016-09-01 20:19:22.197;2016-09-01 20:19:22.197
3923;otros;2016-09-01 20:40:00.353;2016-09-01 20:40:00.353
3924;otros;2016-09-01 20:57:41.373;2016-09-01 20:57:41.373
3925;radioaficionado;2016-09-01 21:24:50.250;2016-09-01 21:24:50.250
3926;radioaficionado;2016-09-02 15:16:04.330;2016-09-02 15:16:04.330
3927;radioaficionado;2016-09-02 15:21:02.737;2016-09-02 15:21:02.737
3928;radioaficionado;2016-09-02 16:17:20.663;2016-09-02 16:17:20.663
3930;otros;2016-09-02 17:52:41.567;2016-09-02 17:52:41.567
3932;radioaficionado;2016-09-02 21:48:40.360;2016-09-02 21:48:40.360
3937;radioaficionado;2016-09-05 21:36:02.917;2016-09-05 21:36:02.917
3938;radioaficionado;2016-09-05 21:41:54.167;2016-09-05 21:41:54.167
3939;otros;2016-09-05 21:43:52.307;2016-09-05 21:43:52.307
3940;radioaficionado;2016-09-05 21:50:02.950;2016-09-05 21:50:02.950
3941;otros;2016-09-06 17:11:00.037;2016-09-06 17:11:00.037
3944;radioaficionado;2016-09-08 15:47:45.020;2016-09-08 15:47:45.020
3948;otros;2016-09-08 21:26:00.450;2016-09-08 21:26:00.450
3950;otros;2016-09-09 14:59:37.260;2016-09-09 14:59:37.260
3951;otros;2016-09-09 15:17:40.403;2016-09-09 15:17:40.403
3952;otros;2016-09-09 15:48:07.627;2016-09-09 15:48:07.627
3953;otros;2016-09-09 16:47:37.337;2016-09-09 16:47:37.337
3956;otros;2016-09-09 17:17:59.370;2016-09-09 17:17:59.370
3958;otros;2016-09-13 17:46:59.783;2016-09-13 17:46:59.783
3959;radioaficionado;2016-09-16 16:42:37.127;2016-09-16 16:42:37.127
3960;otros;2016-09-19 16:45:47.370;2016-09-19 16:45:47.370
3961;otros;2016-09-19 17:05:58.903;2016-09-19 17:05:58.903
3962;otros;2016-09-19 17:48:45.253;2016-09-19 17:48:45.253
3964;radioaficionado;2016-09-19 18:08:34.927;2016-09-19 18:08:34.927
3965;radioaficionado;2016-09-19 19:50:07.267;2016-09-19 19:50:07.267
3966;radioaficionado;2016-09-19 20:09:28.877;2016-09-19 20:09:28.877
3967;otros;2016-09-19 20:44:41.023;2016-09-19 20:44:41.023
3968;otros;2016-09-19 21:07:58.727;2016-09-19 21:07:58.727
3970;otros;2016-09-21 15:50:16.887;2016-09-21 15:50:16.887
3972;otros;2016-09-21 16:36:28.280;2016-09-21 16:36:28.280
3973;otros;2016-09-21 16:52:23.860;2016-09-21 16:52:23.860
3974;otros;2016-09-21 17:24:31.693;2016-09-21 17:24:31.693
3976;otros;2016-09-21 20:33:11.997;2016-09-21 20:33:11.997
3977;otros;2016-09-21 20:34:35.527;2016-09-21 20:34:35.527
3978;radioaficionado;2016-09-21 20:47:51.547;2016-09-21 20:47:51.547
3979;radioaficionado;2016-09-21 21:54:37.677;2016-09-21 21:54:37.677
3980;radiocomunicacion_banda_aeronautica;2016-09-22 21:40:09.500;2016-09-22 21:40:09.500
3982;radioaficionado;2016-09-30 16:27:17.933;2016-09-30 16:27:17.933
3984;radioaficionado;2016-09-30 16:36:33.513;2016-09-30 16:36:33.513
3986;radioaficionado;2016-09-30 17:49:01.113;2016-09-30 17:49:01.113
3987;radioaficionado;2016-09-30 17:57:02.630;2016-09-30 17:57:02.630
3988;otros;2016-09-30 18:12:41.163;2016-09-30 18:12:41.163
3989;radioaficionado;2016-09-30 20:34:30.150;2016-09-30 20:34:30.150
3992;otros;2016-09-30 21:08:00.513;2016-09-30 21:08:00.513
3993;otros;2016-09-30 21:08:27.670;2016-09-30 21:08:27.670
3994;otros;2016-09-30 21:27:31.857;2016-09-30 21:27:31.857
3995;otros;2016-09-30 21:44:36.657;2016-09-30 21:44:36.657
3998;otros;2016-10-03 16:06:45.707;2016-10-03 16:06:45.707
4013;otros;2016-10-04 16:09:16.830;2016-10-04 16:09:16.830
4014;radioaficionado;2016-10-04 16:10:19.970;2016-10-04 16:10:19.970
4015;otros;2016-10-04 16:11:27.923;2016-10-04 16:11:27.923
4016;otros;2016-10-04 16:12:46.393;2016-10-04 16:12:46.393
4017;radioaficionado;2016-10-04 16:15:35.033;2016-10-04 16:15:35.033
4018;radioaficionado;2016-10-04 16:16:41.017;2016-10-04 16:16:41.017
4019;radioaficionado;2016-10-04 16:17:40.517;2016-10-04 16:17:40.517
4020;radioaficionado;2016-10-04 16:18:33.127;2016-10-04 16:18:33.127
4021;otros;2016-10-04 16:20:18.220;2016-10-04 16:20:18.220
4022;radioaficionado;2016-10-04 16:21:50.737;2016-10-04 16:21:50.737
4023;radioaficionado;2016-10-04 16:27:30.410;2016-10-04 16:27:30.410
4024;otros;2016-10-04 17:26:42.620;2016-10-04 17:26:42.620
4025;otros;2016-10-04 17:40:52.200;2016-10-04 17:40:52.200
4026;otros;2016-10-04 17:57:47.187;2016-10-04 17:57:47.187
4027;otros;2016-10-04 20:37:57.470;2016-10-04 20:37:57.470
4028;otros;2016-10-04 20:51:30.160;2016-10-04 20:51:30.160
4029;otros;2016-10-04 20:59:10.050;2016-10-04 20:59:10.050
4030;otros;2016-10-05 17:40:28.273;2016-10-05 17:40:28.273
4033;otros;2016-10-07 16:19:29.757;2016-10-07 16:19:29.757
4041;otros;2016-10-07 20:19:44.887;2016-10-07 20:19:44.887
4043;radioaficionado;2016-10-24 21:12:30.903;2016-10-24 21:12:30.903
4044;otros;2016-11-03 17:41:43.017;2016-11-03 17:41:43.017
4046;radioaficionado;2016-11-03 18:07:23.690;2016-11-03 18:07:23.690
4049;radioaficionado;2016-11-03 20:08:40.923;2016-11-03 20:08:40.923
4050;radioaficionado;2016-11-03 20:25:24.580;2016-11-03 20:25:24.580
4051;radiocomunicacion_banda_angosta;2016-11-03 21:49:00.420;2016-11-03 21:49:00.420
4054;otros;2016-11-04 16:04:33.907;2016-11-04 16:04:33.907
4055;otros;2016-11-07 14:54:26.583;2016-11-07 14:54:26.583
4060;otros;2016-11-07 17:07:43.333;2016-11-07 17:07:43.333
4062;otros;2016-11-07 21:20:49.613;2016-11-07 21:20:49.613
4064;otros;2016-11-08 14:35:30.257;2016-11-08 14:35:30.257
4065;otros;2016-11-08 15:07:17.823;2016-11-08 15:07:17.823
4066;otros;2016-11-08 15:16:46.467;2016-11-08 15:16:46.467
4067;radioaficionado;2016-11-08 15:23:27.420;2016-11-08 15:23:27.420
4068;radioaficionado;2016-11-08 15:39:28.063;2016-11-08 15:39:28.063
4069;radioaficionado;2016-11-08 16:30:42.787;2016-11-08 16:30:42.787
4071;otros;2016-11-08 16:56:06.277;2016-11-08 16:56:06.277
4074;otros;2016-11-08 17:52:18.470;2016-11-08 17:52:18.470
4077;otros;2016-11-08 20:38:43.707;2016-11-08 20:38:43.707
4079;radiocomunicacion_banda_angosta;2016-11-08 21:38:53.637;2016-11-08 21:38:53.637
4080;radiocomunicacion_banda_angosta;2016-11-09 15:28:43.433;2016-11-09 15:28:43.433
4081;radiocomunicacion_banda_angosta;2016-11-09 15:44:23.217;2016-11-09 15:44:23.217
4082;radioaficionado;2016-11-09 16:15:08.673;2016-11-09 16:15:08.673
4083;radioaficionado;2016-11-09 16:25:36.830;2016-11-09 16:25:36.830
4089;otros;2016-11-22 21:38:41.990;2016-11-22 21:38:41.990
4090;otros;2016-11-22 21:39:35.463;2016-11-22 21:39:35.463
4094;radiocomunicacion_banda_angosta;2016-11-23 14:37:11.913;2016-11-23 14:37:11.913
4095;otros;2016-11-23 14:53:17.430;2016-11-23 14:53:17.430
4096;otros;2016-11-23 15:25:25.763;2016-11-23 15:25:25.763
4097;radiocomunicacion_banda_angosta;2016-12-06 16:46:27.387;2016-12-06 16:46:27.387
4098;otros;2016-12-09 15:24:08.277;2016-12-09 15:24:08.277
4103;radiocomunicacion_banda_aeronautica;2016-12-12 17:03:03.367;2016-12-12 17:03:03.367
4104;otros;2016-12-12 17:05:36.383;2016-12-12 17:05:36.383
4106;otros;2016-12-12 20:38:55.407;2016-12-12 20:38:55.407
4109;otros;2016-12-13 14:41:23.453;2016-12-13 14:41:23.453
4111;otros;2016-12-13 15:28:03.097;2016-12-13 15:28:03.097
4112;radiocomunicacion_banda_angosta;2016-12-13 15:44:07.803;2016-12-13 15:44:07.803
4114;radioaficionado;2016-12-14 17:21:46.453;2016-12-14 17:21:46.453
4115;radioaficionado;2016-12-14 17:27:41.017;2016-12-14 17:27:41.017
4116;radioaficionado;2016-12-14 17:39:00.987;2016-12-14 17:39:00.987
4117;radioaficionado;2016-12-14 17:51:45.423;2016-12-14 17:51:45.423
4118;radioaficionado;2016-12-14 17:55:45.893;2016-12-14 17:55:45.893
4119;radioaficionado;2016-12-14 20:11:01.987;2016-12-14 20:11:01.987
4120;radioaficionado;2016-12-14 20:26:33.053;2016-12-14 20:26:33.053
4121;radioaficionado;2016-12-14 20:32:11.053;2016-12-14 20:32:11.053
4123;radioaficionado;2016-12-15 17:21:56.653;2016-12-15 17:21:56.653
4124;radioaficionado;2016-12-15 17:27:30.857;2016-12-15 17:27:30.857
4125;radioaficionado;2016-12-15 17:41:55.780;2016-12-15 17:41:55.780
4126;radioaficionado;2016-12-15 19:43:27.340;2016-12-15 19:43:27.340
4127;radioaficionado;2016-12-15 20:05:40.000;2016-12-15 20:05:40.000
4128;radioaficionado;2016-12-15 20:12:55.017;2016-12-15 20:12:55.017
4129;radioaficionado;2016-12-15 20:51:50.193;2016-12-15 20:51:50.193
4130;radioaficionado;2016-12-15 21:28:37.620;2016-12-15 21:28:37.620
4131;radioaficionado;2016-12-15 21:36:09.760;2016-12-15 21:36:09.760
4133;otros;2016-12-15 21:56:22.123;2016-12-15 21:56:22.123
4134;otros;2016-12-16 14:48:15.803;2016-12-16 14:48:15.803
4136;radioaficionado;2016-12-16 16:23:57.893;2016-12-16 16:23:57.893
4137;radioaficionado;2016-12-16 17:12:32.790;2016-12-16 17:12:32.790
4138;radioaficionado;2016-12-16 17:32:37.493;2016-12-16 17:32:37.493
4139;radioaficionado;2017-01-09 17:52:43.273;2017-01-09 17:52:43.273
4141;radioaficionado;2017-01-09 20:00:50.383;2017-01-09 20:00:50.383
4142;radioaficionado;2017-01-09 20:11:58.243;2017-01-09 20:11:58.243
4143;radioaficionado;2017-01-09 20:22:10.137;2017-01-09 20:22:10.137
4144;radioaficionado;2017-01-09 20:28:37.497;2017-01-09 20:28:37.497
4145;radioaficionado;2017-01-09 20:43:09.683;2017-01-09 20:43:09.683
4147;radioaficionado;2017-01-09 20:56:35.843;2017-01-09 20:56:35.843
4150;otros;2017-01-10 18:20:04.403;2017-01-10 18:20:04.403
4152;otros;2017-01-10 21:16:42.800;2017-01-10 21:16:42.800
4153;radiocomunicacion_banda_aeronautica;2017-01-10 21:22:45.487;2017-01-10 21:22:45.487
4154;radioaficionado;2017-01-10 21:55:00.070;2017-01-10 21:55:00.070
4155;radiocomunicacion_banda_angosta;2017-01-13 19:58:35.277;2017-01-13 19:58:35.277
4157;radioaficionado;2017-01-13 21:02:34.503;2017-01-13 21:02:34.503
4160;radioaficionado;2017-01-13 21:35:56.773;2017-01-13 21:35:56.773
4161;radioaficionado;2017-01-13 21:37:05.697;2017-01-13 21:37:05.697
4163;otros;2017-01-17 17:49:09.083;2017-01-17 17:49:09.083
4164;radioaficionado;2017-01-17 21:02:53.230;2017-01-17 21:02:53.230
4165;radioaficionado;2017-01-17 21:50:07.567;2017-01-17 21:50:07.567
4166;radioaficionado;2017-01-17 21:57:58.457;2017-01-17 21:57:58.457
4167;radioaficionado;2017-01-18 15:04:36.373;2017-01-18 15:04:36.373
4168;radioaficionado;2017-01-18 15:56:43.567;2017-01-18 15:56:43.567
4175;otros;2017-01-18 18:05:01.160;2017-01-18 18:05:01.160
4177;otros;2017-01-18 20:45:45.350;2017-01-18 20:45:45.350
4178;radioaficionado;2017-01-18 21:30:02.293;2017-01-18 21:30:02.293
4179;radiocomunicacion_banda_aeronautica;2017-01-18 21:57:53.640;2017-01-18 21:57:53.640
4180;radioaficionado;2017-01-19 21:15:51.023;2017-01-19 21:15:51.023
4181;radioaficionado;2017-01-19 21:35:23.150;2017-01-19 21:35:23.150
4183;radioaficionado;2017-01-20 17:16:05.853;2017-01-20 17:16:05.853
4184;otros;2017-01-20 18:01:54.327;2017-01-20 18:01:54.327
4188;radiocomunicacion_banda_angosta;2017-01-23 15:37:36.717;2017-01-23 15:37:36.717
4189;radiocomunicacion_banda_angosta;2017-01-23 15:37:37.370;2017-01-23 15:37:37.370
4194;otros;2017-01-23 21:51:54.457;2017-01-23 21:51:54.457
4195;otros;2017-01-24 18:05:26.993;2017-01-24 18:05:26.993
4196;radioaficionado;2017-01-24 20:53:53.357;2017-01-24 20:53:53.357
4197;radioaficionado;2017-01-24 21:20:53.147;2017-01-24 21:20:53.147
4199;otros;2017-01-26 18:08:58.457;2017-01-26 18:08:58.457
4201;otros;2017-01-26 20:51:02.307;2017-01-26 20:51:02.307
4202;otros;2017-01-26 21:03:52.640;2017-01-26 21:03:52.640
4203;radioaficionado;2017-01-27 14:33:34.910;2017-01-27 14:33:34.910
4204;radioaficionado;2017-02-10 21:51:49.183;2017-02-10 21:51:49.183
4206;otros;2017-02-14 15:42:13.877;2017-02-14 15:42:13.877
4207;radiocomunicacion_banda_angosta;2017-02-14 15:54:19.613;2017-02-14 15:54:19.613
4209;radioaficionado;2017-02-14 16:06:57.550;2017-02-14 16:06:57.550
4210;radiocomunicacion_banda_aeronautica;2017-02-14 16:29:30.163;2017-02-14 16:29:30.163
4212;otros;2017-02-14 16:48:40.713;2017-02-14 16:48:40.713
4214;otros;2017-02-24 17:24:54.597;2017-02-24 17:24:54.597
