id;rango_numeracion;numero_asignado;tipo_recurso_numerico;nota;created_at;updated_at
7;NULL;NULL;NULL;NULL;2015-12-10 16:57:03.247;2015-12-10 16:57:03.247
8;NULL;NULL;NULL;NULL;2015-12-10 16:57:28.417;2015-12-10 16:57:28.417
9;NULL;NULL;NULL;NULL;2015-12-10 16:58:04.450;2015-12-10 16:58:04.450
10;NULL;NULL;NULL;NULL;2015-12-10 16:58:25.073;2015-12-10 16:58:25.073
12;NULL;NULL;NULL;NULL;2015-12-10 17:42:22.097;2015-12-10 17:42:22.097
14;NULL;NULL;NULL;NULL;2015-12-10 17:47:59.720;2015-12-10 17:47:59.720
15;NULL;NULL;NULL;NULL;2016-01-08 17:38:12.867;2016-01-08 17:38:12.867
19;NULL;NULL;NULL;NULL;2016-01-14 17:26:13.953;2016-01-14 17:26:13.953
20;NULL;NULL;NULL;NULL;2016-01-14 17:31:18.487;2016-01-14 17:31:18.487
21;NULL;NULL;NULL;NULL;2016-01-26 21:03:18.147;2016-01-26 21:03:18.147
1023;NULL;NULL;NULL;NULL;2016-01-27 15:40:42.220;2016-01-27 15:40:42.220
1024;NULL;NULL;NULL;NULL;2016-01-27 16:09:38.473;2016-01-27 16:09:38.473
1026;NULL;NULL;NULL;NULL;2016-01-27 16:34:02.570;2016-01-27 16:34:02.570
1029;NULL;NULL;NULL;NULL;2016-01-27 16:39:21.697;2016-01-27 16:39:21.697
1031;NULL;NULL;NULL;NULL;2016-01-27 16:45:26.743;2016-01-27 16:45:26.743
1033;NULL;NULL;NULL;NULL;2016-01-27 17:04:52.527;2016-01-27 17:04:52.527
1035;NULL;NULL;NULL;NULL;2016-01-27 17:18:23.887;2016-01-27 17:18:23.887
1037;NULL;NULL;NULL;NULL;2016-01-27 17:24:47.467;2016-01-27 17:24:47.467
1043;NULL;NULL;NULL;NULL;2016-01-27 18:01:38.627;2016-01-27 18:01:38.627
1047;NULL;NULL;NULL;NULL;2016-01-27 19:33:16.247;2016-01-27 19:33:16.247
1049;NULL;NULL;NULL;NULL;2016-01-27 19:48:47.593;2016-01-27 19:48:47.593
1051;NULL;NULL;NULL;NULL;2016-01-27 20:06:49.517;2016-01-27 20:06:49.517
1053;NULL;NULL;NULL;NULL;2016-01-27 20:14:16.863;2016-01-27 20:14:16.863
1055;NULL;NULL;NULL;NULL;2016-01-27 20:20:35.380;2016-01-27 20:20:35.380
1056;NULL;NULL;NULL;NULL;2016-01-27 20:24:20.003;2016-01-27 20:24:20.003
1060;NULL;NULL;NULL;NULL;2016-01-27 20:36:51.193;2016-01-27 20:36:51.193
1061;NULL;NULL;NULL;NULL;2016-01-27 20:38:08.053;2016-01-27 20:38:08.053
1062;NULL;NULL;NULL;NULL;2016-01-27 20:48:32.493;2016-01-27 20:48:32.493
1063;NULL;NULL;NULL;NULL;2016-01-27 20:56:17.070;2016-01-27 20:56:17.070
1070;NULL;NULL;NULL;NULL;2016-01-27 21:27:23.323;2016-01-27 21:27:23.323
1071;NULL;NULL;NULL;NULL;2016-01-27 21:38:04.200;2016-01-27 21:38:04.200
1072;NULL;NULL;NULL;NULL;2016-01-27 21:39:35.480;2016-01-27 21:39:35.480
1074;NULL;NULL;NULL;NULL;2016-01-27 21:46:37.547;2016-01-27 21:46:37.547
1075;NULL;NULL;NULL;NULL;2016-01-28 14:34:08.710;2016-01-28 14:34:08.710
1076;NULL;NULL;NULL;NULL;2016-01-28 14:41:16.057;2016-01-28 14:41:16.057
1077;NULL;NULL;NULL;NULL;2016-01-28 14:41:38.413;2016-01-28 14:41:38.413
1080;NULL;NULL;NULL;NULL;2016-01-28 14:54:22.540;2016-01-28 14:54:22.540
1082;NULL;NULL;NULL;NULL;2016-01-28 14:58:14.243;2016-01-28 14:58:14.243
1083;NULL;NULL;NULL;NULL;2016-01-28 15:01:36.620;2016-01-28 15:01:36.620
1084;NULL;NULL;NULL;NULL;2016-01-28 15:37:01.857;2016-01-28 15:37:01.857
1086;NULL;NULL;NULL;NULL;2016-01-28 15:42:47.827;2016-01-28 15:42:47.827
1088;NULL;NULL;NULL;NULL;2016-01-28 15:50:33.423;2016-01-28 15:50:33.423
1089;NULL;NULL;NULL;NULL;2016-01-28 15:54:17.877;2016-01-28 15:54:17.877
1090;NULL;NULL;NULL;NULL;2016-01-28 16:10:09.127;2016-01-28 16:10:09.127
1091;NULL;NULL;NULL;NULL;2016-01-28 16:18:20.317;2016-01-28 16:18:20.317
1093;NULL;NULL;NULL;NULL;2016-01-28 16:32:04.397;2016-01-28 16:32:04.397
1094;NULL;NULL;NULL;NULL;2016-01-28 16:46:55.180;2016-01-28 16:46:55.180
1095;NULL;NULL;NULL;NULL;2016-01-28 16:49:40.587;2016-01-28 16:49:40.587
1096;NULL;NULL;NULL;NULL;2016-01-28 17:03:51.900;2016-01-28 17:03:51.900
1097;NULL;NULL;NULL;NULL;2016-01-28 17:04:26.353;2016-01-28 17:04:26.353
1098;NULL;NULL;NULL;NULL;2016-01-28 17:04:58.197;2016-01-28 17:04:58.197
1099;NULL;NULL;NULL;NULL;2016-01-28 17:05:31.367;2016-01-28 17:05:31.367
1100;NULL;NULL;NULL;NULL;2016-01-28 17:06:01.853;2016-01-28 17:06:01.853
1101;NULL;NULL;NULL;NULL;2016-01-28 17:06:32.133;2016-01-28 17:06:32.133
1102;NULL;NULL;NULL;NULL;2016-01-28 17:07:08.540;2016-01-28 17:07:08.540
1103;NULL;NULL;NULL;NULL;2016-01-28 17:07:43.027;2016-01-28 17:07:43.027
1104;NULL;NULL;NULL;NULL;2016-01-28 17:08:12.353;2016-01-28 17:08:12.353
1105;NULL;NULL;NULL;NULL;2016-01-28 17:08:48.417;2016-01-28 17:08:48.417
1106;NULL;NULL;NULL;NULL;2016-01-28 17:09:28.493;2016-01-28 17:09:28.493
1107;NULL;NULL;NULL;NULL;2016-01-28 17:10:03.743;2016-01-28 17:10:03.743
1108;NULL;NULL;NULL;NULL;2016-01-28 17:10:38.697;2016-01-28 17:10:38.697
1109;NULL;NULL;NULL;NULL;2016-01-28 17:11:07.027;2016-01-28 17:11:07.027
1110;NULL;NULL;NULL;NULL;2016-01-28 17:11:36.227;2016-01-28 17:11:36.227
1111;NULL;NULL;NULL;NULL;2016-01-28 17:34:32.967;2016-01-28 17:34:32.967
1112;NULL;NULL;NULL;NULL;2016-01-28 17:41:29.997;2016-01-28 17:41:29.997
1113;NULL;NULL;NULL;NULL;2016-01-28 17:44:56.547;2016-01-28 17:44:56.547
1115;NULL;NULL;NULL;NULL;2016-01-28 17:54:52.327;2016-01-28 17:54:52.327
1116;NULL;NULL;NULL;NULL;2016-01-28 17:57:43.467;2016-01-28 17:57:43.467
1117;NULL;NULL;NULL;NULL;2016-01-28 18:03:46.453;2016-01-28 18:03:46.453
1118;NULL;NULL;NULL;NULL;2016-01-28 18:06:27.390;2016-01-28 18:06:27.390
1119;NULL;NULL;NULL;NULL;2016-01-28 19:32:01.887;2016-01-28 19:32:01.887
1120;NULL;NULL;NULL;NULL;2016-01-28 19:35:04.307;2016-01-28 19:35:04.307
1121;NULL;NULL;NULL;NULL;2016-01-28 19:37:18.573;2016-01-28 19:37:18.573
1122;NULL;NULL;NULL;NULL;2016-01-28 19:43:00.167;2016-01-28 19:43:00.167
1123;NULL;NULL;NULL;NULL;2016-01-28 19:48:31.263;2016-01-28 19:48:31.263
1126;NULL;NULL;NULL;NULL;2016-01-28 20:02:44.780;2016-01-28 20:02:44.780
1127;NULL;NULL;NULL;NULL;2016-01-28 20:05:58.513;2016-01-28 20:05:58.513
1128;NULL;NULL;NULL;NULL;2016-01-28 20:10:03.577;2016-01-28 20:10:03.577
1129;NULL;NULL;NULL;NULL;2016-01-28 20:19:47.423;2016-01-28 20:19:47.423
1130;NULL;NULL;NULL;NULL;2016-01-28 20:39:25.393;2016-01-28 20:39:25.393
1131;NULL;NULL;NULL;NULL;2016-01-28 20:42:56.143;2016-01-28 20:42:56.143
1132;NULL;NULL;NULL;NULL;2016-01-28 20:49:32.800;2016-01-28 20:49:32.800
1134;NULL;NULL;NULL;NULL;2016-01-28 20:55:54.693;2016-01-28 20:55:54.693
1135;NULL;NULL;NULL;NULL;2016-01-28 20:56:24.223;2016-01-28 20:56:24.223
1136;NULL;NULL;NULL;NULL;2016-01-28 21:01:47.677;2016-01-28 21:01:47.677
1137;NULL;NULL;NULL;NULL;2016-01-28 21:13:28.070;2016-01-28 21:13:28.070
1138;NULL;NULL;NULL;NULL;2016-01-28 21:26:24.853;2016-01-28 21:26:24.853
1139;NULL;NULL;NULL;NULL;2016-01-28 21:37:23.777;2016-01-28 21:37:23.777
1140;NULL;NULL;NULL;NULL;2016-01-28 21:39:14.713;2016-01-28 21:39:14.713
1141;NULL;NULL;NULL;NULL;2016-01-28 21:42:53.510;2016-01-28 21:42:53.510
1142;NULL;NULL;NULL;NULL;2016-01-29 14:13:03.250;2016-01-29 14:13:03.250
1143;NULL;NULL;NULL;NULL;2016-01-29 14:17:41.190;2016-01-29 14:17:41.190
1144;NULL;NULL;NULL;NULL;2016-01-29 14:20:04.440;2016-01-29 14:20:04.440
1145;NULL;NULL;NULL;NULL;2016-01-29 14:26:26.770;2016-01-29 14:26:26.770
1150;NULL;NULL;NULL;NULL;2016-01-29 14:38:06.660;2016-01-29 14:38:06.660
1151;NULL;NULL;NULL;NULL;2016-01-29 14:42:33.427;2016-01-29 14:42:33.427
1152;NULL;NULL;NULL;NULL;2016-01-29 14:44:42.397;2016-01-29 14:44:42.397
1153;NULL;NULL;NULL;NULL;2016-01-29 14:50:41.083;2016-01-29 14:50:41.083
1155;NULL;NULL;NULL;NULL;2016-01-29 14:57:15.990;2016-01-29 14:57:15.990
1156;NULL;NULL;NULL;NULL;2016-01-29 15:08:46.430;2016-01-29 15:08:46.430
1157;NULL;NULL;NULL;NULL;2016-01-29 15:34:27.713;2016-01-29 15:34:27.713
1158;NULL;NULL;NULL;NULL;2016-01-29 15:35:58.497;2016-01-29 15:35:58.497
1161;NULL;NULL;NULL;NULL;2016-01-29 15:50:22.733;2016-01-29 15:50:22.733
1162;NULL;NULL;NULL;NULL;2016-01-29 15:51:37.373;2016-01-29 15:51:37.373
1163;NULL;NULL;NULL;NULL;2016-01-29 15:53:39.700;2016-01-29 15:53:39.700
1164;NULL;NULL;NULL;NULL;2016-01-29 15:59:31.343;2016-01-29 15:59:31.343
1167;NULL;NULL;NULL;NULL;2016-01-29 16:29:43.957;2016-01-29 16:29:43.957
1168;NULL;NULL;NULL;NULL;2016-01-29 16:41:00.160;2016-01-29 16:41:00.160
1169;NULL;NULL;NULL;NULL;2016-01-29 16:45:47.847;2016-01-29 16:45:47.847
1170;NULL;NULL;NULL;NULL;2016-01-29 16:52:54.613;2016-01-29 16:52:54.613
1172;NULL;NULL;NULL;NULL;2016-01-29 17:05:39.897;2016-01-29 17:05:39.897
1173;NULL;NULL;NULL;NULL;2016-01-29 17:10:21.460;2016-01-29 17:10:21.460
1174;NULL;NULL;NULL;NULL;2016-01-29 17:18:13.773;2016-01-29 17:18:13.773
1175;NULL;NULL;NULL;NULL;2016-01-29 17:22:11.057;2016-01-29 17:22:11.057
1182;NULL;NULL;NULL;NULL;2016-01-29 17:58:58.277;2016-01-29 17:58:58.277
1183;NULL;NULL;NULL;NULL;2016-01-29 18:10:27.140;2016-01-29 18:10:27.140
1188;NULL;NULL;NULL;NULL;2016-01-29 19:54:58.260;2016-01-29 19:54:58.260
1191;NULL;NULL;NULL;NULL;2016-01-29 20:10:11.933;2016-01-29 20:10:11.933
1193;NULL;NULL;NULL;NULL;2016-01-29 20:11:00.513;2016-01-29 20:11:00.513
1195;NULL;NULL;NULL;NULL;2016-01-29 20:20:08.280;2016-01-29 20:20:08.280
1196;NULL;NULL;NULL;NULL;2016-01-29 20:24:36.497;2016-01-29 20:24:36.497
1197;NULL;NULL;NULL;NULL;2016-01-29 20:24:57.623;2016-01-29 20:24:57.623
1198;NULL;NULL;NULL;NULL;2016-01-29 20:29:59.560;2016-01-29 20:29:59.560
1199;NULL;NULL;NULL;NULL;2016-01-29 20:35:17.703;2016-01-29 20:35:17.703
1200;NULL;NULL;NULL;NULL;2016-01-29 20:39:26.313;2016-01-29 20:39:26.313
1201;NULL;NULL;NULL;NULL;2016-01-29 20:39:56.797;2016-01-29 20:39:56.797
1203;NULL;NULL;NULL;NULL;2016-01-29 20:50:01.533;2016-01-29 20:50:01.533
1204;NULL;NULL;NULL;NULL;2016-01-29 20:50:51.220;2016-01-29 20:50:51.220
1206;NULL;NULL;NULL;NULL;2016-01-29 20:53:00.847;2016-01-29 20:53:00.847
1207;NULL;NULL;NULL;NULL;2016-01-29 20:54:44.643;2016-01-29 20:54:44.643
1209;NULL;NULL;NULL;NULL;2016-01-29 20:58:50.597;2016-01-29 20:58:50.597
1213;NULL;NULL;NULL;NULL;2016-01-29 21:26:09.163;2016-01-29 21:26:09.163
1214;NULL;NULL;NULL;NULL;2016-01-29 21:38:03.070;2016-01-29 21:38:03.070
1215;NULL;NULL;NULL;NULL;2016-01-29 21:47:37.837;2016-01-29 21:47:37.837
1216;NULL;NULL;NULL;NULL;2016-02-01 14:05:46.850;2016-02-01 14:05:46.850
1217;NULL;NULL;NULL;NULL;2016-02-01 14:12:02.057;2016-02-01 14:12:02.057
1221;NULL;NULL;NULL;NULL;2016-02-01 15:51:49.957;2016-02-01 15:51:49.957
1239;NULL;NULL;NULL;NULL;2016-02-01 16:13:22.897;2016-02-01 16:13:22.897
1241;NULL;NULL;NULL;NULL;2016-02-01 16:17:46.100;2016-02-01 16:17:46.100
1243;NULL;NULL;NULL;NULL;2016-02-01 16:54:57.683;2016-02-01 16:54:57.683
1244;NULL;NULL;NULL;NULL;2016-02-01 17:01:36.840;2016-02-01 17:01:36.840
1247;NULL;NULL;NULL;NULL;2016-02-01 17:25:48.077;2016-02-01 17:25:48.077
1249;NULL;NULL;NULL;NULL;2016-02-01 17:35:21.767;2016-02-01 17:35:21.767
1250;NULL;NULL;NULL;NULL;2016-02-01 17:42:53.157;2016-02-01 17:42:53.157
1251;NULL;NULL;NULL;NULL;2016-02-01 17:45:48.190;2016-02-01 17:45:48.190
1252;NULL;NULL;NULL;NULL;2016-02-01 17:47:59.157;2016-02-01 17:47:59.157
1253;NULL;NULL;NULL;NULL;2016-02-01 17:48:32.377;2016-02-01 17:48:32.377
1254;NULL;NULL;NULL;NULL;2016-02-01 17:48:52.753;2016-02-01 17:48:52.753
1255;NULL;NULL;NULL;NULL;2016-02-01 17:52:08.753;2016-02-01 17:52:08.753
1256;NULL;NULL;NULL;NULL;2016-02-01 17:52:26.267;2016-02-01 17:52:26.267
1257;NULL;NULL;NULL;NULL;2016-02-01 18:00:38.113;2016-02-01 18:00:38.113
1258;NULL;NULL;NULL;NULL;2016-02-01 18:01:38.690;2016-02-01 18:01:38.690
1259;NULL;NULL;NULL;NULL;2016-02-01 18:02:04.707;2016-02-01 18:02:04.707
1260;NULL;NULL;NULL;NULL;2016-02-01 19:18:31.887;2016-02-01 19:18:31.887
1262;NULL;NULL;NULL;NULL;2016-02-01 19:31:14.407;2016-02-01 19:31:14.407
1264;NULL;NULL;NULL;NULL;2016-02-01 19:33:47.890;2016-02-01 19:33:47.890
1266;NULL;NULL;NULL;NULL;2016-02-01 19:38:44.203;2016-02-01 19:38:44.203
1267;NULL;NULL;NULL;NULL;2016-02-01 19:42:48.017;2016-02-01 19:42:48.017
1268;NULL;NULL;NULL;NULL;2016-02-01 19:45:14.267;2016-02-01 19:45:14.267
1269;NULL;NULL;NULL;NULL;2016-02-01 19:45:51.720;2016-02-01 19:45:51.720
1271;NULL;NULL;NULL;NULL;2016-02-01 19:50:18.470;2016-02-01 19:50:18.470
1272;NULL;NULL;NULL;NULL;2016-02-01 19:52:49.703;2016-02-01 19:52:49.703
1273;NULL;NULL;NULL;NULL;2016-02-01 19:53:58.253;2016-02-01 19:53:58.253
1274;NULL;NULL;NULL;NULL;2016-02-01 19:59:14.940;2016-02-01 19:59:14.940
1275;NULL;NULL;NULL;NULL;2016-02-01 20:01:13.970;2016-02-01 20:01:13.970
1276;NULL;NULL;NULL;NULL;2016-02-01 20:07:27.893;2016-02-01 20:07:27.893
1277;NULL;NULL;NULL;NULL;2016-02-01 20:09:34.910;2016-02-01 20:09:34.910
1278;NULL;NULL;NULL;NULL;2016-02-01 20:13:06.863;2016-02-01 20:13:06.863
1279;NULL;NULL;NULL;NULL;2016-02-01 20:18:50.583;2016-02-01 20:18:50.583
1280;NULL;NULL;NULL;NULL;2016-02-01 20:21:54.380;2016-02-01 20:21:54.380
1282;NULL;NULL;NULL;NULL;2016-02-01 20:26:58.897;2016-02-01 20:26:58.897
1283;NULL;NULL;NULL;NULL;2016-02-01 20:29:56.037;2016-02-01 20:29:56.037
1285;NULL;NULL;NULL;NULL;2016-02-01 20:36:16.537;2016-02-01 20:36:16.537
1286;NULL;NULL;NULL;NULL;2016-02-01 20:41:32.537;2016-02-01 20:41:32.537
1287;NULL;NULL;NULL;NULL;2016-02-01 20:43:45.913;2016-02-01 20:43:45.913
1290;NULL;NULL;NULL;NULL;2016-02-01 21:04:42.137;2016-02-01 21:04:42.137
1293;NULL;NULL;NULL;NULL;2016-02-01 21:25:07.357;2016-02-01 21:25:07.357
1297;NULL;NULL;NULL;NULL;2016-02-01 21:47:45.953;2016-02-01 21:47:45.953
1298;NULL;NULL;NULL;NULL;2016-02-01 21:51:03.093;2016-02-01 21:51:03.093
1299;NULL;NULL;NULL;NULL;2016-02-02 14:05:42.677;2016-02-02 14:05:42.677
1300;NULL;NULL;NULL;NULL;2016-02-02 14:35:39.710;2016-02-02 14:35:39.710
1301;NULL;NULL;NULL;NULL;2016-02-02 14:40:56.867;2016-02-02 14:40:56.867
1302;NULL;NULL;NULL;NULL;2016-02-02 14:45:29.620;2016-02-02 14:45:29.620
1303;NULL;NULL;NULL;NULL;2016-02-02 14:58:18.590;2016-02-02 14:58:18.590
1304;NULL;NULL;NULL;NULL;2016-02-02 15:04:01.887;2016-02-02 15:04:01.887
1305;NULL;NULL;NULL;NULL;2016-02-02 15:40:36.860;2016-02-02 15:40:36.860
1323;NULL;NULL;NULL;NULL;2016-02-04 14:26:43.233;2016-02-04 14:26:43.233
1325;NULL;NULL;NULL;NULL;2016-02-04 14:27:35.937;2016-02-04 14:27:35.937
1333;NULL;NULL;NULL;NULL;2016-02-04 16:05:24.463;2016-02-04 16:05:24.463
1334;NULL;NULL;NULL;NULL;2016-02-04 16:05:51.137;2016-02-04 16:05:51.137
1339;NULL;NULL;NULL;NULL;2016-02-04 16:38:58.157;2016-02-04 16:38:58.157
1340;NULL;NULL;NULL;NULL;2016-02-04 16:47:47.797;2016-02-04 16:47:47.797
1341;NULL;NULL;NULL;NULL;2016-02-04 16:49:50.470;2016-02-04 16:49:50.470
1342;NULL;NULL;NULL;NULL;2016-02-04 16:51:48.953;2016-02-04 16:51:48.953
1343;NULL;NULL;NULL;NULL;2016-02-04 16:53:14.533;2016-02-04 16:53:14.533
1349;NULL;NULL;NULL;NULL;2016-02-04 17:11:34.080;2016-02-04 17:11:34.080
1350;NULL;NULL;NULL;NULL;2016-02-04 17:11:36.283;2016-02-04 17:11:36.283
1351;NULL;NULL;NULL;NULL;2016-02-04 17:11:38.377;2016-02-04 17:11:38.377
1352;NULL;NULL;NULL;NULL;2016-02-04 17:11:41.003;2016-02-04 17:11:41.003
1353;NULL;NULL;NULL;NULL;2016-02-04 17:11:45.143;2016-02-04 17:11:45.143
1370;NULL;NULL;NULL;NULL;2016-02-05 14:07:44.307;2016-02-05 14:07:44.307
1379;NULL;NULL;NULL;NULL;2016-02-05 17:20:35.313;2016-02-05 17:20:35.313
1382;NULL;NULL;NULL;NULL;2016-02-08 14:29:36.610;2016-02-08 14:29:36.610
1383;NULL;NULL;NULL;NULL;2016-02-08 14:34:39.687;2016-02-08 14:34:39.687
1384;NULL;NULL;NULL;NULL;2016-02-08 14:47:46.470;2016-02-08 14:47:46.470
1385;NULL;NULL;NULL;NULL;2016-02-08 14:56:44.817;2016-02-08 14:56:44.817
1386;NULL;NULL;NULL;NULL;2016-02-08 14:58:22.580;2016-02-08 14:58:22.580
1387;NULL;NULL;NULL;NULL;2016-02-08 14:59:59.113;2016-02-08 14:59:59.113
1388;NULL;NULL;NULL;NULL;2016-02-08 15:01:22.347;2016-02-08 15:01:22.347
1389;NULL;NULL;NULL;NULL;2016-02-08 15:02:12.770;2016-02-08 15:02:12.770
1390;NULL;NULL;NULL;NULL;2016-02-08 15:03:01.393;2016-02-08 15:03:01.393
1391;NULL;NULL;NULL;NULL;2016-02-08 15:05:37.613;2016-02-08 15:05:37.613
1392;NULL;NULL;NULL;NULL;2016-02-08 15:07:24.613;2016-02-08 15:07:24.613
1395;NULL;NULL;NULL;NULL;2016-02-08 15:11:44.050;2016-02-08 15:11:44.050
1396;NULL;NULL;NULL;NULL;2016-02-08 15:34:45.647;2016-02-08 15:34:45.647
1397;NULL;NULL;NULL;NULL;2016-02-08 15:35:48.523;2016-02-08 15:35:48.523
1398;NULL;NULL;NULL;NULL;2016-02-08 15:36:49.947;2016-02-08 15:36:49.947
1399;NULL;NULL;NULL;NULL;2016-02-08 15:38:18.417;2016-02-08 15:38:18.417
1400;NULL;NULL;NULL;NULL;2016-02-08 15:38:45.040;2016-02-08 15:38:45.040
1401;NULL;NULL;NULL;NULL;2016-02-08 15:39:44.540;2016-02-08 15:39:44.540
1402;NULL;NULL;NULL;NULL;2016-02-08 15:40:47.837;2016-02-08 15:40:47.837
1403;NULL;NULL;NULL;NULL;2016-02-08 15:41:22.820;2016-02-08 15:41:22.820
1404;NULL;NULL;NULL;NULL;2016-02-08 15:42:21.307;2016-02-08 15:42:21.307
1405;NULL;NULL;NULL;NULL;2016-02-08 15:43:04.540;2016-02-08 15:43:04.540
1406;NULL;NULL;NULL;NULL;2016-02-08 15:44:28.757;2016-02-08 15:44:28.757
1407;NULL;NULL;NULL;NULL;2016-02-08 15:47:27.603;2016-02-08 15:47:27.603
1408;NULL;NULL;NULL;NULL;2016-02-08 15:48:34.867;2016-02-08 15:48:34.867
1409;NULL;NULL;NULL;NULL;2016-02-08 15:52:44.807;2016-02-08 15:52:44.807
1410;NULL;NULL;NULL;NULL;2016-02-08 15:53:53.777;2016-02-08 15:53:53.777
1411;NULL;NULL;NULL;NULL;2016-02-11 16:16:48.267;2016-02-11 16:16:48.267
1412;NULL;NULL;NULL;NULL;2016-02-11 16:17:34.737;2016-02-11 16:17:34.737
1413;NULL;NULL;NULL;NULL;2016-02-11 16:18:32.790;2016-02-11 16:18:32.790
1414;NULL;NULL;NULL;NULL;2016-02-11 16:19:46.040;2016-02-11 16:19:46.040
1415;NULL;NULL;NULL;NULL;2016-02-11 16:19:50.383;2016-02-11 16:19:50.383
1416;NULL;NULL;NULL;NULL;2016-02-11 16:20:33.007;2016-02-11 16:20:33.007
1417;NULL;NULL;NULL;NULL;2016-02-11 16:20:46.587;2016-02-11 16:20:46.587
1418;NULL;NULL;NULL;NULL;2016-02-11 16:21:26.743;2016-02-11 16:21:26.743
1419;NULL;NULL;NULL;NULL;2016-02-11 16:21:58.133;2016-02-11 16:21:58.133
1420;NULL;NULL;NULL;NULL;2016-02-11 16:22:14.117;2016-02-11 16:22:14.117
1421;NULL;NULL;NULL;NULL;2016-02-11 16:23:35.367;2016-02-11 16:23:35.367
1422;NULL;NULL;NULL;NULL;2016-02-11 16:24:10.977;2016-02-11 16:24:10.977
1423;NULL;NULL;NULL;NULL;2016-02-11 16:25:15.447;2016-02-11 16:25:15.447
1424;NULL;NULL;NULL;NULL;2016-02-11 16:25:58.603;2016-02-11 16:25:58.603
1425;NULL;NULL;NULL;NULL;2016-02-11 16:28:22.540;2016-02-11 16:28:22.540
1426;NULL;NULL;NULL;NULL;2016-02-11 16:29:27.323;2016-02-11 16:29:27.323
1427;NULL;NULL;NULL;NULL;2016-02-11 16:30:48.040;2016-02-11 16:30:48.040
1428;NULL;NULL;NULL;NULL;2016-02-11 16:31:37.040;2016-02-11 16:31:37.040
1429;NULL;NULL;NULL;NULL;2016-02-11 16:32:22.150;2016-02-11 16:32:22.150
1430;NULL;NULL;NULL;NULL;2016-02-11 16:32:27.633;2016-02-11 16:32:27.633
1431;NULL;NULL;NULL;NULL;2016-02-11 16:32:58.353;2016-02-11 16:32:58.353
1432;NULL;NULL;NULL;NULL;2016-02-11 16:33:42.120;2016-02-11 16:33:42.120
1433;NULL;NULL;NULL;NULL;2016-02-11 16:34:46.057;2016-02-11 16:34:46.057
1434;NULL;NULL;NULL;NULL;2016-02-11 16:34:50.933;2016-02-11 16:34:50.933
1435;NULL;NULL;NULL;NULL;2016-02-11 16:37:38.420;2016-02-11 16:37:38.420
1436;NULL;NULL;NULL;NULL;2016-02-11 16:39:46.823;2016-02-11 16:39:46.823
1437;NULL;NULL;NULL;NULL;2016-02-11 16:41:07.677;2016-02-11 16:41:07.677
1438;NULL;NULL;NULL;NULL;2016-02-11 16:42:27.460;2016-02-11 16:42:27.460
1439;NULL;NULL;NULL;NULL;2016-02-11 16:43:47.710;2016-02-11 16:43:47.710
1440;NULL;NULL;NULL;NULL;2016-02-11 16:44:59.273;2016-02-11 16:44:59.273
1441;NULL;NULL;NULL;NULL;2016-02-11 16:46:09.630;2016-02-11 16:46:09.630
1442;NULL;NULL;NULL;NULL;2016-02-11 16:47:07.677;2016-02-11 16:47:07.677
1443;NULL;NULL;NULL;NULL;2016-02-12 14:20:31.717;2016-02-12 14:20:31.717
1444;NULL;NULL;NULL;NULL;2016-02-12 17:08:17.007;2016-02-12 17:08:17.007
1445;NULL;NULL;NULL;NULL;2016-02-12 17:09:10.603;2016-02-12 17:09:10.603
1446;NULL;NULL;NULL;NULL;2016-02-16 17:59:48.273;2016-02-16 17:59:48.273
1447;NULL;NULL;NULL;NULL;2016-02-16 21:15:16.123;2016-02-16 21:15:16.123
1448;NULL;NULL;NULL;NULL;2016-02-16 21:50:51.143;2016-02-16 21:50:51.143
1449;NULL;NULL;NULL;NULL;2016-02-17 15:55:32.817;2016-02-17 15:55:32.817
1450;NULL;NULL;NULL;NULL;2016-02-17 15:55:56.117;2016-02-17 15:55:56.117
1465;NULL;NULL;NULL;NULL;2016-02-18 21:23:03.407;2016-02-18 21:23:03.407
1467;NULL;NULL;NULL;NULL;2016-02-18 21:33:13.223;2016-02-18 21:33:13.223
1468;NULL;NULL;NULL;NULL;2016-02-18 21:38:47.487;2016-02-18 21:38:47.487
1469;NULL;NULL;NULL;NULL;2016-02-22 17:50:44.577;2016-02-22 17:50:44.577
1470;NULL;NULL;NULL;NULL;2016-02-22 18:01:11.607;2016-02-22 18:01:11.607
1472;NULL;NULL;NULL;NULL;2016-03-31 16:05:13.790;2016-03-31 16:05:13.790
1473;NULL;NULL;NULL;NULL;2016-03-31 16:15:17.057;2016-03-31 16:15:17.057
1474;NULL;NULL;NULL;NULL;2016-03-31 16:16:57.667;2016-03-31 16:16:57.667
1475;NULL;NULL;NULL;NULL;2016-03-31 20:17:18.210;2016-03-31 20:17:18.210
1476;NULL;NULL;NULL;NULL;2016-04-01 15:16:56.720;2016-04-01 15:16:56.720
1477;NULL;NULL;NULL;NULL;2016-04-01 17:47:45.877;2016-04-01 17:47:45.877
1478;NULL;NULL;NULL;NULL;2016-04-01 18:11:47.240;2016-04-01 18:11:47.240
1479;NULL;NULL;NULL;NULL;2016-04-01 20:54:08.493;2016-04-01 20:54:08.493
1480;NULL;NULL;NULL;NULL;2016-04-01 22:29:44.787;2016-04-01 22:29:44.787
1482;NULL;NULL;NULL;NULL;2016-04-01 22:30:47.083;2016-04-01 22:30:47.083
1483;NULL;NULL;NULL;NULL;2016-04-04 18:03:03.747;2016-04-04 18:03:03.747
1484;NULL;NULL;NULL;NULL;2016-04-18 21:18:14.280;2016-04-18 21:18:14.280
1485;NULL;NULL;NULL;NULL;2016-04-19 15:23:54.013;2016-04-19 15:23:54.013
1486;NULL;NULL;NULL;NULL;2016-04-19 15:30:22.763;2016-04-19 15:30:22.763
1487;NULL;NULL;NULL;NULL;2016-04-19 15:39:09.907;2016-04-19 15:39:09.907
1488;NULL;NULL;NULL;NULL;2016-04-19 15:45:43.087;2016-04-19 15:45:43.087
1489;NULL;NULL;NULL;NULL;2016-04-19 15:56:34.560;2016-04-19 15:56:34.560
1493;NULL;NULL;NULL;NULL;2016-05-18 22:26:14.023;2016-05-18 22:26:14.023
1494;NULL;NULL;NULL;NULL;2016-05-19 16:00:08.163;2016-05-19 16:00:08.163
1495;NULL;NULL;NULL;NULL;2016-05-19 16:27:58.480;2016-05-19 16:27:58.480
1496;NULL;NULL;NULL;NULL;2016-06-24 15:26:53.683;2016-06-24 15:26:53.683
1497;NULL;NULL;NULL;NULL;2016-06-24 20:13:43.857;2016-06-24 20:13:43.857
1500;NULL;NULL;NULL;NULL;2016-07-11 17:07:17.737;2016-07-11 17:07:17.737
1501;NULL;NULL;NULL;NULL;2016-07-11 17:09:04.363;2016-07-11 17:09:04.363
1502;NULL;NULL;NULL;NULL;2016-07-11 17:10:20.457;2016-07-11 17:10:20.457
1503;NULL;NULL;NULL;NULL;2016-07-11 17:15:02.443;2016-07-11 17:15:02.443
1504;NULL;NULL;NULL;NULL;2016-07-11 17:19:29.553;2016-07-11 17:19:29.553
1505;NULL;NULL;NULL;NULL;2016-07-11 17:24:52.913;2016-07-11 17:24:52.913
1506;NULL;NULL;NULL;NULL;2016-07-28 18:11:20.480;2016-07-28 18:11:20.480
1507;NULL;NULL;NULL;NULL;2016-07-28 18:27:36.670;2016-07-28 18:27:36.670
1508;NULL;NULL;NULL;NULL;2016-07-28 18:34:18.127;2016-07-28 18:34:18.127
1509;NULL;NULL;NULL;NULL;2016-07-28 18:43:53.097;2016-07-28 18:43:53.097
1510;NULL;NULL;NULL;NULL;2016-08-17 15:00:45.907;2016-08-17 15:00:45.907
1511;NULL;NULL;NULL;NULL;2016-08-17 15:05:39.983;2016-08-17 15:05:39.983
1512;NULL;NULL;NULL;NULL;2016-09-08 15:52:17.880;2016-09-08 15:52:17.880
1513;NULL;NULL;NULL;NULL;2016-09-08 16:00:47.867;2016-09-08 16:00:47.867
1514;NULL;NULL;NULL;NULL;2016-09-08 16:21:01.633;2016-09-08 16:21:01.633
1515;NULL;NULL;NULL;NULL;2016-09-08 17:24:09.750;2016-09-08 17:24:09.750
1516;NULL;NULL;NULL;NULL;2016-09-08 17:38:04.737;2016-09-08 17:38:04.737
1517;NULL;NULL;NULL;NULL;2016-09-09 21:26:35.010;2016-09-09 21:26:35.010
1518;NULL;NULL;NULL;NULL;2016-09-12 21:16:10.383;2016-09-12 21:16:10.383
1519;NULL;NULL;NULL;NULL;2016-09-27 15:41:41.310;2016-09-27 15:41:41.310
1520;NULL;NULL;NULL;NULL;2016-10-06 17:07:03.753;2016-10-06 17:07:03.753
1521;NULL;NULL;NULL;NULL;2016-10-06 19:32:49.237;2016-10-06 19:32:49.237
1524;NULL;NULL;NULL;NULL;2016-10-06 19:51:54.517;2016-10-06 19:51:54.517
1526;NULL;NULL;NULL;NULL;2016-10-06 20:26:21.187;2016-10-06 20:26:21.187
1528;NULL;NULL;NULL;NULL;2016-10-06 21:21:54.047;2016-10-06 21:21:54.047
1529;NULL;NULL;NULL;NULL;2016-10-18 18:00:46.410;2016-10-18 18:00:46.410
1531;NULL;NULL;NULL;NULL;2016-10-28 20:03:11.847;2016-10-28 20:03:11.847
1532;NULL;NULL;NULL;NULL;2016-10-28 20:07:28.727;2016-10-28 20:07:28.727
1533;NULL;NULL;NULL;NULL;2016-10-31 20:04:42.560;2016-10-31 20:04:42.560
1535;NULL;NULL;NULL;NULL;2016-11-03 15:27:27.717;2016-11-03 15:27:27.717
1536;NULL;NULL;NULL;NULL;2016-11-17 21:46:32.820;2016-11-17 21:46:32.820
1537;NULL;NULL;NULL;NULL;2016-11-18 17:39:11.740;2016-11-18 17:39:11.740
1541;NULL;NULL;NULL;NULL;2016-12-01 21:33:59.340;2016-12-01 21:33:59.340
1542;NULL;NULL;NULL;NULL;2016-12-02 20:18:38.857;2016-12-02 20:18:38.857
1544;NULL;NULL;NULL;NULL;2016-12-02 20:29:58.350;2016-12-02 20:29:58.350
1546;NULL;NULL;NULL;NULL;2017-01-05 21:54:11.817;2017-01-05 21:54:11.817
1548;NULL;NULL;NULL;NULL;2017-01-06 17:44:25.157;2017-01-06 17:44:25.157
1549;NULL;NULL;NULL;NULL;2017-01-06 17:57:38.927;2017-01-06 17:57:38.927
1550;NULL;NULL;NULL;NULL;2017-01-06 19:39:00.140;2017-01-06 19:39:00.140
1551;NULL;NULL;NULL;NULL;2017-01-06 19:50:17.470;2017-01-06 19:50:17.470
1552;NULL;NULL;NULL;NULL;2017-01-06 20:20:50.053;2017-01-06 20:20:50.053
1553;NULL;NULL;NULL;NULL;2017-01-06 20:34:56.147;2017-01-06 20:34:56.147
1554;NULL;NULL;NULL;NULL;2017-01-06 20:44:45.977;2017-01-06 20:44:45.977
1555;NULL;NULL;NULL;NULL;2017-01-30 20:57:18.417;2017-01-30 20:57:18.417
1556;NULL;NULL;NULL;NULL;2017-01-30 21:08:31.377;2017-01-30 21:08:31.377
1557;NULL;NULL;NULL;NULL;2017-01-30 21:23:42.560;2017-01-30 21:23:42.560
1558;NULL;NULL;NULL;NULL;2017-01-30 21:45:06.210;2017-01-30 21:45:06.210
