id;sciservicio_id;titulo_habilitante_id;created_at;updated_at;nota;servicio
36;NULL;30;2015-11-10 15:43:54.860;2015-11-10 15:43:54.860;NULL;
40;NULL;34;2015-11-10 16:50:08.417;2015-11-10 16:50:08.417;NULL;
42;NULL;36;2015-11-10 17:27:58.997;2015-11-10 17:27:58.997;NULL;TRANSMISION DE AUDIO Y VIDEO EN FORMA ANALOGICA Y DIGITAL
43;NULL;37;2015-11-10 17:32:57.200;2015-11-10 17:32:57.200;NULL;XXXXXXXXXX
44;7;38;2015-11-10 17:48:07.017;2015-11-10 17:48:07.017;NULL;
45;29;38;2015-11-10 17:48:07.017;2015-11-10 17:48:07.017;NULL;
46;35;38;2015-11-10 17:48:07.017;2015-11-10 17:48:07.017;NULL;Enlances de Conexion de Sistema de Telefonia Movil
47;7;39;2015-11-10 17:48:39.467;2015-11-10 17:48:39.467;NULL;
48;7;40;2015-11-10 17:49:42.437;2015-11-10 17:49:42.437;NULL;
58;7;44;2015-11-10 20:30:23.253;2015-11-10 20:30:23.253;NULL;
69;NULL;49;2015-11-10 20:41:30.457;2015-11-10 20:41:30.457;NULL; Transmisión de audio,  video y datos en formó analógica o digital, servicios de enlaces punto a punto,  soporte de redes públicas en transporte de datos,  video y voz,  incluyendo el protocolo IP y otros, así como enlaces de conexión de sistemas de telefonía móvil.
143;NULL;99;2015-11-11 21:43:06.523;2015-11-11 21:43:06.523;NULL;Acceso a internet
189;NULL;123;2015-11-12 17:48:33.967;2015-11-12 17:48:33.967;NULL;
190;NULL;124;2015-11-12 17:49:17.593;2015-11-12 17:49:17.593;NULL;
192;NULL;126;2015-11-12 17:49:58.247;2015-11-12 17:49:58.247;NULL;
223;NULL;141;2015-11-12 20:48:15.627;2015-11-12 20:48:15.627;NULL;
224;NULL;142;2015-11-12 20:49:11.097;2015-11-12 20:49:11.097;NULL;
225;18;143;2015-11-12 21:36:27.607;2015-11-12 21:36:27.607;NULL;Acceso a internet
228;18;145;2015-11-12 21:59:28.213;2015-11-12 21:59:28.213;NULL;Acceso a Internet
229;7;145;2015-11-12 21:59:28.213;2015-11-12 21:59:28.213;NULL;
231;NULL;147;2015-11-12 22:07:42.893;2015-11-12 22:07:42.893;NULL;Acceso a Internet
232;NULL;148;2015-11-12 22:15:00.737;2015-11-12 22:15:00.737;NULL;Acesso Internet
236;NULL;151;2015-11-13 14:32:17.800;2015-11-13 14:32:17.800;NULL;Acceso a internet
239;NULL;153;2015-11-13 14:36:28.067;2015-11-13 14:36:28.067;NULL;Acceso a Internet
241;NULL;155;2015-11-13 14:42:34.310;2015-11-13 14:42:34.310;NULL;Acceso a Internet
242;7;155;2015-11-13 14:42:34.310;2015-11-13 14:42:34.310;NULL;
243;NULL;156;2015-11-13 14:48:00.687;2015-11-13 14:48:00.687;NULL;Acceso a Internet
244;NULL;156;2015-11-13 14:48:00.687;2015-11-13 14:48:00.687;NULL;
246;7;158;2015-11-13 14:53:23.127;2015-11-13 14:53:23.127;NULL;
247;NULL;158;2015-11-13 14:53:23.140;2015-11-13 14:53:23.140;NULL;Acceso a internet
248;7;159;2015-11-13 14:55:07.280;2015-11-13 14:55:07.280;NULL;
249;NULL;159;2015-11-13 14:55:07.280;2015-11-13 14:55:07.280;NULL;Acceso a internet
250;NULL;160;2015-11-13 14:56:08.877;2015-11-13 14:56:08.877;NULL;Acceso a internet
253;NULL;162;2015-11-13 15:27:11.907;2015-11-13 15:27:11.907;NULL;Acceso a internet
254;7;162;2015-11-13 15:27:11.907;2015-11-13 15:27:11.907;NULL;
255;NULL;163;2015-11-13 15:28:56.797;2015-11-13 15:28:56.797;NULL;Acceso a Internet
260;NULL;167;2015-11-13 15:37:25.127;2015-11-13 15:37:25.127;NULL;Acceso a internet
261;7;167;2015-11-13 15:37:25.127;2015-11-13 15:37:25.127;NULL;
273;NULL;174;2015-11-13 16:37:51.913;2015-11-13 16:37:51.913;NULL;Acceso a internet
274;7;174;2015-11-13 16:37:51.913;2015-11-13 16:37:51.913;NULL;
278;NULL;176;2015-11-13 16:49:26.117;2015-11-13 16:49:26.117;NULL;
279;NULL;176;2015-11-13 16:49:26.117;2015-11-13 16:49:26.117;NULL;
282;NULL;178;2015-11-13 16:54:51.557;2015-11-13 16:54:51.557;NULL;Acceso a Internet
283;33;178;2015-11-13 16:54:51.557;2015-11-13 16:54:51.557;NULL;
284;NULL;179;2015-11-13 16:55:11.540;2015-11-13 16:55:11.540;NULL;Acceso a internet
285;7;179;2015-11-13 16:55:11.557;2015-11-13 16:55:11.557;NULL;
290;7;182;2015-11-13 17:11:02.277;2015-11-13 17:11:02.277;NULL;
293;NULL;184;2015-11-13 17:20:51.037;2015-11-13 17:20:51.037;NULL;Telefonía pública internacional
296;NULL;186;2015-11-13 17:27:59.553;2015-11-13 17:27:59.553;NULL;Telefonía pública internacional
297;18;186;2015-11-13 17:27:59.553;2015-11-13 17:27:59.553;NULL;
298;NULL;186;2015-11-13 17:27:59.553;2015-11-13 17:27:59.553;NULL;Acceso a internet
299;3;187;2015-11-13 18:49:01.087;2015-11-13 18:49:01.087;NULL;
300;NULL;187;2015-11-13 18:49:01.087;2015-11-13 18:49:01.087;NULL;Acceso a Internet
301;NULL;187;2015-11-13 18:49:01.103;2015-11-13 18:49:01.103;NULL;Voz sobre Internet
302;18;187;2015-11-13 18:49:01.103;2015-11-13 18:49:01.103;NULL;
303;NULL;187;2015-11-13 18:49:01.103;2015-11-13 18:49:01.103;NULL;Mensajería instantánea
304;NULL;187;2015-11-13 18:49:01.103;2015-11-13 18:49:01.103;NULL;Arrendamiento de canales Punto a Punto
305;NULL;187;2015-11-13 18:49:01.103;2015-11-13 18:49:01.103;NULL;Video-conferencia
306;NULL;188;2015-11-13 18:59:08.150;2015-11-13 18:59:08.150;NULL;Acceso a Internet
307;7;188;2015-11-13 18:59:08.150;2015-11-13 18:59:08.150;NULL;
308;NULL;189;2015-11-13 19:04:47.230;2015-11-13 19:04:47.230;NULL;Acceso a Internet
309;7;189;2015-11-13 19:04:47.230;2015-11-13 19:04:47.230;NULL;
310;NULL;190;2015-11-13 19:17:16.997;2015-11-13 19:17:16.997;NULL;Acceso a Internet
311;7;190;2015-11-13 19:17:16.997;2015-11-13 19:17:16.997;NULL;
314;NULL;192;2015-11-13 19:25:31.373;2015-11-13 19:25:31.373;NULL;Acceso a Internet
315;7;192;2015-11-13 19:25:31.373;2015-11-13 19:25:31.373;NULL;
316;NULL;193;2015-11-13 19:29:24.123;2015-11-13 19:29:24.123;NULL;Acceso a Internet
317;7;193;2015-11-13 19:29:24.123;2015-11-13 19:29:24.123;NULL;
318;7;194;2015-11-13 19:37:56.140;2015-11-13 19:37:56.140;NULL;
319;7;195;2015-11-13 19:42:02.280;2015-11-13 19:42:02.280;NULL;
321;3;197;2015-11-13 19:58:14.877;2015-11-13 19:58:14.877;NULL;
322;NULL;197;2015-11-13 19:58:14.877;2015-11-13 19:58:14.877;NULL;Acceso a Internet
323;NULL;197;2015-11-13 19:58:14.877;2015-11-13 19:58:14.877;NULL;Canales punto a punto y multipunto
324;3;198;2015-11-13 20:00:18.330;2015-11-13 20:00:18.330;NULL;
325;NULL;198;2015-11-13 20:00:18.330;2015-11-13 20:00:18.330;NULL;Acceso a Internet
326;NULL;198;2015-11-13 20:00:18.330;2015-11-13 20:00:18.330;NULL;Canales punto a punto y multipunto
327;NULL;198;2015-11-13 20:00:18.347;2015-11-13 20:00:18.347;NULL;Redes corporativas
328;NULL;198;2015-11-13 20:00:18.347;2015-11-13 20:00:18.347;NULL;Voz sobre IP
334;NULL;200;2015-11-13 20:05:27.673;2015-11-13 20:05:27.673;NULL;Acceso a internet
335;NULL;200;2015-11-13 20:05:27.673;2015-11-13 20:05:27.673;NULL;Redes virtuales privadas
336;NULL;200;2015-11-13 20:05:27.690;2015-11-13 20:05:27.690;NULL;Canales punto a punto
337;18;200;2015-11-13 20:05:27.690;2015-11-13 20:05:27.690;NULL;
338;18;200;2015-11-13 20:05:27.690;2015-11-13 20:05:27.690;NULL;
346;NULL;203;2015-11-13 20:47:03.517;2015-11-13 20:47:03.517;NULL;Acceso a Internet
347;NULL;204;2015-11-13 21:02:13.033;2015-11-13 21:02:13.033;NULL;Acceso a Internet
352;NULL;207;2015-11-13 21:23:42.857;2015-11-13 21:23:42.857;NULL;Canales punto a punto y punto multipunto
353;NULL;207;2015-11-13 21:23:42.857;2015-11-13 21:23:42.857;NULL;Redes Virtuales
354;NULL;207;2015-11-13 21:23:42.857;2015-11-13 21:23:42.857;NULL;Videoconferencias
357;4;209;2015-11-16 14:33:06.740;2015-11-16 14:33:06.740;NULL;
358;18;209;2015-11-16 14:33:06.740;2015-11-16 14:33:06.740;NULL;
359;NULL;210;2015-11-16 14:35:57.117;2015-11-16 14:35:57.117;NULL;Televisión por cable
360;NULL;211;2015-11-16 14:49:08.927;2015-11-16 14:49:08.927;NULL;
361;30;211;2015-11-16 14:49:08.940;2015-11-16 14:49:08.940;NULL;
362;4;212;2015-11-16 15:07:31.603;2015-11-16 15:07:31.603;NULL;
366;NULL;214;2015-11-16 15:37:36.640;2015-11-16 15:37:36.640;NULL;Acceso a internet
367;33;214;2015-11-16 15:37:36.640;2015-11-16 15:37:36.640;NULL;
368;30;214;2015-11-16 15:37:36.640;2015-11-16 15:37:36.640;NULL;
372;18;216;2015-11-16 15:56:47.610;2015-11-16 15:56:47.610;NULL;Acceso a Internet
373;18;217;2015-11-16 15:57:39.610;2015-11-16 15:57:39.610;NULL;Acceso a Internet
374;7;217;2015-11-16 15:57:39.610;2015-11-16 15:57:39.610;NULL;
375;18;218;2015-11-16 15:58:24.080;2015-11-16 15:58:24.080;NULL;Acceso a Internet
376;18;219;2015-11-16 15:59:09.003;2015-11-16 15:59:09.003;NULL;Acceso a Internet
377;18;219;2015-11-16 15:59:09.003;2015-11-16 15:59:09.003;NULL;
378;18;220;2015-11-16 15:59:52.487;2015-11-16 15:59:52.487;NULL;Acceso a Internet
379;18;221;2015-11-16 16:01:34.283;2015-11-16 16:01:34.283;NULL;Acceso a Internet
380;7;221;2015-11-16 16:01:34.300;2015-11-16 16:01:34.300;NULL;
381;18;222;2015-11-16 16:02:23.797;2015-11-16 16:02:23.797;NULL;Acceso a Internet
382;7;222;2015-11-16 16:02:23.797;2015-11-16 16:02:23.797;NULL;
383;18;223;2015-11-16 16:04:33.060;2015-11-16 16:04:33.060;NULL;Acceso a Internet
384;7;223;2015-11-16 16:04:33.077;2015-11-16 16:04:33.077;NULL;
385;NULL;223;2015-11-16 16:04:33.077;2015-11-16 16:04:33.077;NULL;
386;18;224;2015-11-16 16:05:15.390;2015-11-16 16:05:15.390;NULL;Acceso a Internet
387;7;224;2015-11-16 16:05:15.390;2015-11-16 16:05:15.390;NULL;
388;4;225;2015-11-16 16:06:38.763;2015-11-16 16:06:38.763;NULL;
389;NULL;225;2015-11-16 16:06:38.763;2015-11-16 16:06:38.763;NULL;Acceso a Internet
390;18;226;2015-11-16 16:07:18.687;2015-11-16 16:07:18.687;NULL;Acceso a Internet
391;7;226;2015-11-16 16:07:18.687;2015-11-16 16:07:18.687;NULL;
394;18;228;2015-11-16 16:16:07.983;2015-11-16 16:16:07.983;NULL;Acceso a Internet
395;7;228;2015-11-16 16:16:07.983;2015-11-16 16:16:07.983;NULL;
396;18;229;2015-11-16 16:19:39.203;2015-11-16 16:19:39.203;NULL;Telefonía Pública Internacional
397;18;230;2015-11-16 16:22:42.127;2015-11-16 16:22:42.127;NULL;Acceso a Internet
398;18;230;2015-11-16 16:22:42.127;2015-11-16 16:22:42.127;NULL;Voz sobre IP
399;18;230;2015-11-16 16:22:42.127;2015-11-16 16:22:42.127;NULL;Canales punto a punto
400;18;230;2015-11-16 16:22:42.143;2015-11-16 16:22:42.143;NULL;Vídeo Conferencia
401;3;230;2015-11-16 16:22:42.143;2015-11-16 16:22:42.143;NULL;
402;4;231;2015-11-16 16:35:25.753;2015-11-16 16:35:25.753;NULL;
403;18;231;2015-11-16 16:35:25.753;2015-11-16 16:35:25.753;NULL;Acceso a Internet
404;7;231;2015-11-16 16:35:25.753;2015-11-16 16:35:25.753;NULL;
405;4;232;2015-11-16 16:44:13.520;2015-11-16 16:44:13.520;NULL;
411;18;236;2015-11-16 17:07:30.803;2015-11-16 17:07:30.803;NULL;Televisión por cable
416;NULL;238;2015-11-16 17:22:48.243;2015-11-16 17:22:48.243;NULL;Television por cable
417;NULL;238;2015-11-16 17:22:48.260;2015-11-16 17:22:48.260;NULL;Acceso a internet
418;18;238;2015-11-16 17:22:48.260;2015-11-16 17:22:48.260;NULL;
419;18;238;2015-11-16 17:22:48.260;2015-11-16 17:22:48.260;NULL;
423;NULL;240;2015-11-16 17:39:39.480;2015-11-16 17:39:39.480;NULL;Acceso a internet
424;NULL;240;2015-11-16 17:39:39.480;2015-11-16 17:39:39.480;NULL;Voz sobre IP
425;NULL;240;2015-11-16 17:39:39.480;2015-11-16 17:39:39.480;NULL;TV cable analógico y digital
426;3;241;2015-11-16 17:41:06.480;2015-11-16 17:41:06.480;NULL;Transferencia de datos a nivel local e internacional
427;NULL;241;2015-11-16 17:41:06.497;2015-11-16 17:41:06.497;NULL;Acceso a Internet
428;18;242;2015-11-16 17:42:12.603;2015-11-16 17:42:12.603;NULL;Televisión por cable
429;35;242;2015-11-16 17:42:12.603;2015-11-16 17:42:12.603;NULL;Acceso a Internet
430;33;242;2015-11-16 17:42:12.603;2015-11-16 17:42:12.603;NULL;
431;3;243;2015-11-16 18:34:58.283;2015-11-16 18:34:58.283;NULL;
432;3;244;2015-11-16 19:05:43.113;2015-11-16 19:05:43.113;NULL;Transferencia datos, particularmente en la modalidad de canales punto a punto, mediante frecuencias de uso libre
433;NULL;245;2015-11-16 19:35:53.167;2015-11-16 19:35:53.167;NULL;Acarreador de Telefonía IP prepago
434;7;246;2015-11-16 19:41:13.403;2015-11-16 19:41:13.403;NULL;
435;NULL;247;2015-11-16 19:45:05.967;2015-11-16 19:45:05.967;NULL;Televisión por cable
436;NULL;247;2015-11-16 19:45:05.967;2015-11-16 19:45:05.967;NULL;Acceso a internet
437;18;248;2015-11-16 20:03:23.873;2015-11-16 20:03:23.873;NULL;Telefonía IP Prepago
439;NULL;250;2015-11-16 20:22:53.877;2015-11-16 20:22:53.877;NULL; Enlaces Inalámbricos Punto a Punto
440;4;250;2015-11-16 20:22:53.877;2015-11-16 20:22:53.877;NULL;en la modalidad de Televisión por Cable (CATV) 
441;18;251;2015-11-16 21:25:15.913;2015-11-16 21:25:15.913;NULL;Acarreador de telefonía IP Prepago
442;29;251;2015-11-16 21:25:15.913;2015-11-16 21:25:15.913;NULL;
444;18;253;2015-11-16 21:36:33.703;2015-11-16 21:36:33.703;NULL;Acceso a Internet
445;33;253;2015-11-16 21:36:33.703;2015-11-16 21:36:33.703;NULL;
449;NULL;255;2015-11-16 21:55:04.200;2015-11-16 21:55:04.200;NULL;Telefonia IP prepago
450;NULL;255;2015-11-16 21:55:04.200;2015-11-16 21:55:04.200;NULL;
451;NULL;255;2015-11-16 21:55:04.200;2015-11-16 21:55:04.200;NULL;
452;NULL;256;2015-11-16 21:59:31.793;2015-11-16 21:59:31.793;NULL;Acceso a internet
453;NULL;256;2015-11-16 21:59:31.793;2015-11-16 21:59:31.793;NULL;Servicio de trasnferencia de datos
454;NULL;256;2015-11-16 21:59:31.793;2015-11-16 21:59:31.793;NULL;Enlaces de datos punto a punto
455;NULL;257;2015-11-17 14:48:02.757;2015-11-17 14:48:02.757;NULL;Acceso a internet
456;29;257;2015-11-17 14:48:02.787;2015-11-17 14:48:02.787;NULL;
457;NULL;257;2015-11-17 14:48:02.787;2015-11-17 14:48:02.787;NULL;Enlaces punto a punto
458;NULL;257;2015-11-17 14:48:02.787;2015-11-17 14:48:02.787;NULL;Enlaces multipunto
460;3;259;2015-11-17 15:34:14.103;2015-11-17 15:34:14.103;NULL;Transferencia de datos a nivel local e internacional
461;NULL;259;2015-11-17 15:34:14.103;2015-11-17 15:34:14.103;NULL;Acceso a Internet
462;33;259;2015-11-17 15:34:14.103;2015-11-17 15:34:14.103;NULL;
465;18;261;2015-11-17 15:57:00.063;2015-11-17 15:57:00.063;NULL;Carrier de Telefonía IP
466;18;261;2015-11-17 15:57:00.063;2015-11-17 15:57:00.063;NULL;Operador Prepago Móvil
467;NULL;262;2015-11-17 15:59:47.143;2015-11-17 15:59:47.143;NULL;Television por cable
468;NULL;262;2015-11-17 15:59:47.143;2015-11-17 15:59:47.143;NULL;Acceso a internet
469;33;262;2015-11-17 15:59:47.157;2015-11-17 15:59:47.157;NULL;
470;29;262;2015-11-17 15:59:47.157;2015-11-17 15:59:47.157;NULL;
471;NULL;263;2015-11-17 16:12:44.617;2015-11-17 16:12:44.617;NULL;Television por cable
472;NULL;263;2015-11-17 16:12:44.633;2015-11-17 16:12:44.633;NULL;Acceso a internet
473;3;263;2015-11-17 16:12:44.633;2015-11-17 16:12:44.633;NULL;
474;18;263;2015-11-17 16:12:44.633;2015-11-17 16:12:44.633;NULL;
475;NULL;264;2015-11-17 16:31:27.773;2015-11-17 16:31:27.773;NULL;
476;NULL;265;2015-11-17 16:37:10.323;2015-11-17 16:37:10.323;NULL;
477;NULL;266;2015-11-17 16:46:34.957;2015-11-17 16:46:34.957;NULL;
478;18;267;2015-11-17 16:57:35.567;2015-11-17 16:57:35.567;NULL;Acarreador de telefonía IP Prepago
479;33;267;2015-11-17 16:57:35.567;2015-11-17 16:57:35.567;NULL;
480;3;268;2015-11-17 16:57:57.007;2015-11-17 16:57:57.007;NULL;Trasferencia de datos en la modalidad de acceso a internet por medio de fibra optica, mediante tecnologia FTTH.
481;7;269;2015-11-17 17:08:07.377;2015-11-17 17:08:07.377;NULL;
482;NULL;269;2015-11-17 17:08:07.377;2015-11-17 17:08:07.377;NULL;Acceso a Internet
483;3;270;2015-11-17 17:14:02.307;2015-11-17 17:14:02.307;NULL;Trasferencia de datos en la modalidad de acceso a internet por medio de fibra optica, mediante tecnologia FTTH.
484;30;270;2015-11-17 17:14:02.323;2015-11-17 17:14:02.323;NULL;Bajo la modalidad de IPTV
485;18;271;2015-11-17 17:14:24.323;2015-11-17 17:14:24.323;NULL;Acceso a Internet
486;29;271;2015-11-17 17:14:24.323;2015-11-17 17:14:24.323;NULL;
487;NULL;272;2015-11-17 17:24:08.037;2015-11-17 17:24:08.037;NULL;Televisión por cable
488;NULL;272;2015-11-17 17:24:08.037;2015-11-17 17:24:08.037;NULL;Acceso a Internet
489;33;272;2015-11-17 17:24:08.037;2015-11-17 17:24:08.037;NULL;
490;NULL;272;2015-11-17 17:24:08.053;2015-11-17 17:24:08.053;NULL;Redes Virtuales (VPN)
491;NULL;272;2015-11-17 17:24:08.053;2015-11-17 17:24:08.053;NULL;Televisión IP (IPTV)
492;29;272;2015-11-17 17:24:08.053;2015-11-17 17:24:08.053;NULL;
494;NULL;274;2015-11-17 17:25:50.290;2015-11-17 17:25:50.290;NULL;
495;18;275;2015-11-17 17:27:38.413;2015-11-17 17:27:38.413;NULL;Telefonía IP Prepago
498;NULL;277;2015-11-17 17:39:31.457;2015-11-17 17:39:31.457;NULL;
499;NULL;278;2015-11-17 17:46:19.620;2015-11-17 17:46:19.620;NULL;Televisión por cable
500;NULL;278;2015-11-17 17:46:19.620;2015-11-17 17:46:19.620;NULL;Acceso a Internet
501;7;278;2015-11-17 17:46:19.633;2015-11-17 17:46:19.633;NULL;
502;NULL;278;2015-11-17 17:46:19.633;2015-11-17 17:46:19.633;NULL;Redes Virtuales (VPN)
503;NULL;278;2015-11-17 17:46:19.633;2015-11-17 17:46:19.633;NULL;Televisión IP (IPTV)
504;3;278;2015-11-17 17:46:19.633;2015-11-17 17:46:19.633;NULL;
505;NULL;278;2015-11-17 17:46:19.633;2015-11-17 17:46:19.633;NULL;Canales punto a punto por medios inalámbricos
506;NULL;278;2015-11-17 17:46:19.650;2015-11-17 17:46:19.650;NULL;Canales punto a multipunto por medios inalámbricos
507;NULL;278;2015-11-17 17:46:19.650;2015-11-17 17:46:19.650;NULL;Carrier de Carriers a otros operadores
508;7;279;2015-11-17 17:48:37.023;2015-11-17 17:48:37.023;NULL;
509;NULL;280;2015-11-17 17:55:20.917;2015-11-17 17:55:20.917;NULL;
510;3;281;2015-11-17 18:56:52.067;2015-11-17 18:56:52.067;NULL;
511;35;281;2015-11-17 18:56:52.083;2015-11-17 18:56:52.083;NULL;Acceso a Internet
512;NULL;282;2015-11-17 19:08:00.417;2015-11-17 19:08:00.417;NULL;Acceso a internet
513;NULL;282;2015-11-17 19:08:00.417;2015-11-17 19:08:00.417;NULL;Canales punto a punto y punto a multipunto
514;NULL;282;2015-11-17 19:08:00.417;2015-11-17 19:08:00.417;NULL;Servicios VPN
515;29;282;2015-11-17 19:08:00.433;2015-11-17 19:08:00.433;NULL;
522;NULL;285;2015-11-17 19:31:43.227;2015-11-17 19:31:43.227;NULL;Telefonía IP pre y postpago
523;NULL;286;2015-11-17 19:36:26.190;2015-11-17 19:36:26.190;NULL;Acceso a internet
524;29;286;2015-11-17 19:36:26.190;2015-11-17 19:36:26.190;NULL;
525;NULL;286;2015-11-17 19:36:26.190;2015-11-17 19:36:26.190;NULL;Television por cable
526;NULL;287;2015-11-17 19:46:38.043;2015-11-17 19:46:38.043;NULL;Acceso a internet
527;NULL;287;2015-11-17 19:46:38.043;2015-11-17 19:46:38.043;NULL;Television por cable
528;NULL;288;2015-11-17 20:12:00.107;2015-11-17 20:12:00.107;NULL;Acceso a internet
529;33;288;2015-11-17 20:12:00.120;2015-11-17 20:12:00.120;NULL;
530;NULL;288;2015-11-17 20:12:00.120;2015-11-17 20:12:00.120;NULL;Redes privadas virtuales
531;3;289;2015-11-17 20:13:52.213;2015-11-17 20:13:52.213;NULL;
532;35;289;2015-11-17 20:13:52.213;2015-11-17 20:13:52.213;NULL;Canales punto a punto
533;35;289;2015-11-17 20:13:52.230;2015-11-17 20:13:52.230;NULL;Canales punto multipunto
534;35;289;2015-11-17 20:13:52.230;2015-11-17 20:13:52.230;NULL;Acceso a Internet
535;NULL;290;2015-11-17 20:15:13.857;2015-11-17 20:15:13.857;NULL;Transferencia de Datos bajo las modalidades de Acceso a Internet y Canales Punto a Punto por medio de enlaces inalámbricos de bandas de frecuencia de "uso libre".
536;NULL;291;2015-11-17 20:18:59.450;2015-11-17 20:18:59.450;NULL;
537;3;292;2015-11-17 20:37:47.013;2015-11-17 20:37:47.013;NULL;De extremo a extremo, por medio de enlaces punto a punto y multipunto
538;35;292;2015-11-17 20:37:47.013;2015-11-17 20:37:47.013;NULL;Acceso a Internet
539;NULL;292;2015-11-17 20:37:47.027;2015-11-17 20:37:47.027;NULL;
540;NULL;293;2015-11-17 20:40:27.857;2015-11-17 20:40:27.857;NULL;
541;NULL;294;2015-11-17 20:45:57.280;2015-11-17 20:45:57.280;NULL;Transferencia de Datos bajo las modalidades de Acceso a Internet y Canales Punto a Punto por medio de enlaces inalámbricos de bandas de frecuencia de "uso libre".
542;NULL;295;2015-11-17 20:47:53.000;2015-11-17 20:47:53.000;NULL;Acarreador de tráfico telefónico
545;18;297;2015-11-17 21:00:15.877;2015-11-17 21:00:15.877;NULL;Acceso a Internet
546;7;297;2015-11-17 21:00:15.877;2015-11-17 21:00:15.877;NULL;
547;29;297;2015-11-17 21:00:15.877;2015-11-17 21:00:15.877;NULL;
548;NULL;298;2015-11-17 21:01:43.970;2015-11-17 21:01:43.970;NULL;Acceso a internet
549;NULL;299;2015-11-17 21:16:30.000;2015-11-17 21:16:30.000;NULL;Acceso a internet
550;29;299;2015-11-17 21:16:30.000;2015-11-17 21:16:30.000;NULL;
551;NULL;299;2015-11-17 21:16:30.000;2015-11-17 21:16:30.000;NULL;Canales punto a punto
552;NULL;299;2015-11-17 21:16:30.000;2015-11-17 21:16:30.000;NULL;Voz sobre IP
554;3;301;2015-11-18 14:34:56.513;2015-11-18 14:34:56.513;NULL;
555;NULL;302;2015-11-18 14:37:39.653;2015-11-18 14:37:39.653;NULL;Acceso a Internet
556;7;302;2015-11-18 14:37:39.653;2015-11-18 14:37:39.653;NULL;
557;4;303;2015-11-18 14:45:00.437;2015-11-18 14:45:00.437;NULL;
562;3;305;2015-11-18 14:55:15.500;2015-11-18 14:55:15.500;NULL;
563;NULL;305;2015-11-18 14:55:15.517;2015-11-18 14:55:15.517;NULL;Video-conferencia
564;18;305;2015-11-18 14:55:15.520;2015-11-18 14:55:15.520;NULL;
565;NULL;305;2015-11-18 14:55:15.523;2015-11-18 14:55:15.523;NULL;Televisión sobre IP (IPTV)
566;3;306;2015-11-18 15:02:11.657;2015-11-18 15:02:11.657;NULL;
567;35;306;2015-11-18 15:02:11.673;2015-11-18 15:02:11.673;NULL;Acceso a Internet
568;18;307;2015-11-18 15:12:44.527;2015-11-18 15:12:44.527;NULL;Acceso a Internet
569;7;307;2015-11-18 15:12:44.527;2015-11-18 15:12:44.527;NULL;
570;18;308;2015-11-18 15:53:09.667;2015-11-18 15:53:09.667;NULL;Televisión por cable
571;NULL;309;2015-11-18 16:17:33.337;2015-11-18 16:17:33.337;NULL;Canales punto a punto y punto a multipunto.
572;NULL;309;2015-11-18 16:17:33.337;2015-11-18 16:17:33.337;NULL;Acceso a Internet
573;33;309;2015-11-18 16:17:33.337;2015-11-18 16:17:33.337;NULL;
574;NULL;309;2015-11-18 16:17:33.337;2015-11-18 16:17:33.337;NULL;VPN (redes privadas virtuales)
575;NULL;310;2015-11-18 16:31:05.783;2015-11-18 16:31:05.783;NULL;
576;NULL;311;2015-11-18 16:31:05.860;2015-11-18 16:31:05.860;NULL;
577;NULL;312;2015-11-18 16:31:07.127;2015-11-18 16:31:07.127;NULL;
578;NULL;313;2015-11-18 16:33:33.383;2015-11-18 16:33:33.383;NULL;
579;NULL;314;2015-11-18 16:34:48.233;2015-11-18 16:34:48.233;NULL;
580;31;314;2015-11-18 16:34:48.233;2015-11-18 16:34:48.233;NULL;
581;NULL;315;2015-11-18 16:36:40.233;2015-11-18 16:36:40.233;NULL;
582;18;315;2015-11-18 16:36:40.247;2015-11-18 16:36:40.247;NULL;
583;NULL;316;2015-11-18 16:37:36.507;2015-11-18 16:37:36.507;NULL;
584;18;316;2015-11-18 16:37:36.507;2015-11-18 16:37:36.507;NULL;
585;NULL;317;2015-11-18 17:07:38.483;2015-11-18 17:07:38.483;NULL;
586;7;318;2015-11-18 17:19:49.550;2015-11-18 17:19:49.550;NULL;
587;29;318;2015-11-18 17:19:49.550;2015-11-18 17:19:49.550;NULL;En la modalidad de Acceso a Internet por medio de enlaces en bandas de frecuencia de “uso libre”.
588;3;319;2015-11-18 17:47:51.703;2015-11-18 17:47:51.703;NULL;Servicio en modalidad de acceso a internet, usando bandas de frecuencia de uso libre.
589;NULL;320;2015-11-18 17:55:36.740;2015-11-18 17:55:36.740;NULL;
590;3;321;2015-11-18 19:22:27.790;2015-11-18 19:22:27.790;NULL;
591;18;321;2015-11-18 19:22:27.790;2015-11-18 19:22:27.790;NULL;Acceso a Internet
592;7;321;2015-11-18 19:22:27.807;2015-11-18 19:22:27.807;NULL;
593;3;322;2015-11-18 19:29:23.550;2015-11-18 19:29:23.550;NULL;
594;18;322;2015-11-18 19:29:23.550;2015-11-18 19:29:23.550;NULL;Acceso a Internet
595;7;322;2015-11-18 19:29:23.550;2015-11-18 19:29:23.550;NULL;
596;NULL;323;2015-11-18 19:59:20.663;2015-11-18 19:59:20.663;NULL;Red publica de telecomunicaciones basada en el despliegue de fibra optica hasta el hogar (FTTH) con tecnologia GPON (Gigabit-Capable Passive Optical Network) basada en el estándar ITU-TG.984
597;NULL;324;2015-11-18 19:59:47.803;2015-11-18 19:59:47.803;NULL;Acceso a Internet
598;7;325;2015-11-18 20:08:39.190;2015-11-18 20:08:39.190;NULL;Por medio de enlaces de fibra óptica de tipo FTTH utilizando el estándar ITU-T G.984
599;NULL;325;2015-11-18 20:08:39.190;2015-11-18 20:08:39.190;NULL;Acceso a internet, por medio de enlaces de fibra óptica de tipo FTTH utilizando el estándar ITU-T G.984
600;7;326;2015-11-18 20:25:56.380;2015-11-18 20:25:56.380;NULL;Servicio pre y post pago.
601;7;327;2015-11-18 20:31:27.397;2015-11-18 20:31:27.397;NULL;
602;NULL;328;2015-11-18 20:31:42.600;2015-11-18 20:31:42.600;NULL;Telefonía IP prepago
603;7;329;2015-11-18 20:47:03.167;2015-11-18 20:47:03.167;NULL;
604;18;330;2015-11-18 20:48:30.247;2015-11-18 20:48:30.247;NULL;Canales punto a punto
605;35;330;2015-11-18 20:48:30.247;2015-11-18 20:48:30.247;NULL;Acarreador de telefonía IP
606;35;330;2015-11-18 20:48:30.247;2015-11-18 20:48:30.247;NULL;Telefonía IP pre y post pago
615;NULL;334;2015-11-18 21:16:29.363;2015-11-18 21:16:29.363;NULL;Acceso a Internet
616;NULL;334;2015-11-18 21:16:29.380;2015-11-18 21:16:29.380;NULL;IPTV
620;7;336;2015-11-18 21:21:17.340;2015-11-18 21:21:17.340;NULL;
621;NULL;336;2015-11-18 21:21:17.357;2015-11-18 21:21:17.357;NULL;Carrier de Telefonía IP
622;NULL;336;2015-11-18 21:21:17.357;2015-11-18 21:21:17.357;NULL;Operador prepago móvil
623;7;337;2015-11-18 21:27:35.433;2015-11-18 21:27:35.433;NULL;
624;3;338;2015-11-18 21:33:19.857;2015-11-18 21:33:19.857;NULL;
625;NULL;338;2015-11-18 21:33:19.857;2015-11-18 21:33:19.857;NULL;Canales punto a punto y punto multipunto 
626;NULL;338;2015-11-18 21:33:19.857;2015-11-18 21:33:19.857;NULL;Acceso a Internet
627;NULL;338;2015-11-18 21:33:19.857;2015-11-18 21:33:19.857;NULL;Acarreador de Telefonía IP
628;NULL;338;2015-11-18 21:33:19.857;2015-11-18 21:33:19.857;NULL;Redes privadas virtuales (VPN)
632;7;342;2015-11-19 14:46:32.927;2015-11-19 14:46:32.927;NULL;Acarreador de telefonía IP
633;18;343;2015-11-19 14:46:57.043;2015-11-19 14:46:57.043;NULL;Televisión por cable
634;7;344;2015-11-19 15:06:42.010;2015-11-19 15:06:42.010;NULL;Prepago y post pago
635;18;345;2015-11-19 15:11:56.847;2015-11-19 15:11:56.847;NULL;Acarreador de enlaces punto a punto, punto multipunto y multipunto multipunto.
636;NULL;346;2015-11-19 15:32:42.423;2015-11-19 15:32:42.423;NULL;Acceso a internet
637;NULL;346;2015-11-19 15:32:42.440;2015-11-19 15:32:42.440;NULL;Enlaces punto a punto y punto multipunto
638;33;346;2015-11-19 15:32:42.440;2015-11-19 15:32:42.440;NULL;
639;NULL;346;2015-11-19 15:32:42.440;2015-11-19 15:32:42.440;NULL;VPN
640;7;347;2015-11-19 15:51:14.833;2015-11-19 15:51:14.833;NULL;
641;NULL;348;2015-11-19 15:59:20.587;2015-11-19 15:59:20.587;NULL;Operador móvil virtual.
642;4;349;2015-11-19 16:09:04.623;2015-11-19 16:09:04.623;NULL;
643;18;349;2015-11-19 16:09:04.623;2015-11-19 16:09:04.623;NULL;Acceso a Internet
644;18;349;2015-11-19 16:09:04.623;2015-11-19 16:09:04.623;NULL;
652;18;353;2015-11-19 16:46:44.007;2015-11-19 16:46:44.007;NULL;Acceso a Internet
653;33;353;2015-11-19 16:46:44.007;2015-11-19 16:46:44.007;NULL;
654;35;353;2015-11-19 16:46:44.007;2015-11-19 16:46:44.007;NULL;Canales punto a punto
655;29;353;2015-11-19 16:46:44.007;2015-11-19 16:46:44.007;NULL;
656;35;353;2015-11-19 16:46:44.007;2015-11-19 16:46:44.007;NULL;Redes privadas virtuales
657;18;354;2015-11-19 17:01:57.440;2015-11-19 17:01:57.440;NULL;Geolocalización automática de vehículos
658;7;355;2015-11-19 17:03:59.177;2015-11-19 17:03:59.177;NULL;
659;NULL;355;2015-11-19 17:03:59.177;2015-11-19 17:03:59.177;NULL;Mensajería instantánea
664;7;359;2015-11-19 17:16:15.360;2015-11-19 17:16:15.360;NULL;
672;7;364;2015-11-19 17:25:42.347;2015-11-19 17:25:42.347;NULL;
673;18;365;2015-11-19 17:38:36.323;2015-11-19 17:38:36.323;NULL;Transferencia de datos en la modalidad de acarreador por medio de fibra óptica, mediante tecnología OPGW.
674;3;366;2015-11-19 19:12:16.610;2015-11-19 19:12:16.610;NULL;
675;NULL;366;2015-11-19 19:12:16.627;2015-11-19 19:12:16.627;NULL;Acceso a internet.
676;NULL;366;2015-11-19 19:12:16.627;2015-11-19 19:12:16.627;NULL;Canales punto a punto
677;NULL;366;2015-11-19 19:12:16.627;2015-11-19 19:12:16.627;NULL;Canales punto a multipunto
678;NULL;366;2015-11-19 19:12:16.627;2015-11-19 19:12:16.627;NULL;Redes privadas virtuales (VPN)
685;NULL;369;2015-11-19 20:07:06.513;2015-11-19 20:07:06.513;NULL;Acarreador de telefonía IP
686;29;369;2015-11-19 20:07:06.513;2015-11-19 20:07:06.513;NULL;
687;NULL;369;2015-11-19 20:07:06.513;2015-11-19 20:07:06.513;NULL;Acceso a Internet
688;NULL;369;2015-11-19 20:07:06.527;2015-11-19 20:07:06.527;NULL;Canales punto a punto y punto multipunto
689;NULL;369;2015-11-19 20:07:06.527;2015-11-19 20:07:06.527;NULL;VPN
698;18;374;2015-11-19 20:47:13.083;2015-11-19 20:47:13.083;NULL;Canales punto a punto y punto multipunto
699;18;374;2015-11-19 20:47:13.083;2015-11-19 20:47:13.083;NULL;
700;7;375;2015-11-19 20:52:47.950;2015-11-19 20:52:47.950;NULL;
701;7;375;2015-11-19 20:52:47.950;2015-11-19 20:52:47.950;NULL;Telefonía IP - Preselección de Operador
702;NULL;375;2015-11-19 20:52:47.950;2015-11-19 20:52:47.950;NULL;Voz sobre Internet
703;3;376;2015-11-19 21:12:53.543;2015-11-19 21:12:53.543;NULL;
704;7;376;2015-11-19 21:12:53.543;2015-11-19 21:12:53.543;NULL;
705;NULL;376;2015-11-19 21:12:53.543;2015-11-19 21:12:53.543;NULL;Redes Privadas Virtuales 
706;NULL;376;2015-11-19 21:12:53.543;2015-11-19 21:12:53.543;NULL;Acceso a Internet
707;NULL;376;2015-11-19 21:12:53.543;2015-11-19 21:12:53.543;NULL;Videoconferencia
708;18;377;2015-11-19 21:19:44.117;2015-11-19 21:19:44.117;NULL;Televisión por cable
709;NULL;378;2015-11-19 21:30:22.190;2015-11-19 21:30:22.190;NULL;Transmisión de datos, de extremo a extremo, por medio de enlaces punto a punto
710;NULL;379;2015-11-19 21:50:28.837;2015-11-19 21:50:28.837;NULL;Canales punto a punto y multipunto
711;NULL;379;2015-11-19 21:50:28.837;2015-11-19 21:50:28.837;NULL;Acceso a Internet
712;3;379;2015-11-19 21:50:28.837;2015-11-19 21:50:28.837;NULL;
713;7;379;2015-11-19 21:50:28.837;2015-11-19 21:50:28.837;NULL;
714;1;380;2015-11-19 22:19:43.440;2015-11-19 22:19:43.440;NULL;
715;32;380;2015-11-19 22:19:43.447;2015-11-19 22:19:43.447;NULL;
716;NULL;380;2015-11-19 22:19:43.453;2015-11-19 22:19:43.453;NULL;asdfasdf
